image_ix, object_name, bbox_ix, x, y, w, h, score
0, OBJ|glasses, 555, 454, 212, 90, 81, 0.087
0, OBJ|woman, 331, 298, 195, 300, 250, 0.947
1, OBJ|glasses, 347, 494, 141, 74, 50, 0.140
1, OBJ|woman, 9, 411, 110, 273, 291, 0.901
2, OBJ|glasses, 476, 280, 472, 135, 69, 0.018
2, OBJ|woman, 172, 687, 269, 112, 147, 0.500
3, OBJ|glasses, 267, 233, 262, 84, 68, 0.125
3, OBJ|woman, 333, 257, 447, 445, 576, 0.967
4, OBJ|glasses, 522, 437, 246, 105, 77, 0.193
4, OBJ|woman, 692, 111, 216, 688, 383, 0.615
5, OBJ|glasses, 11, 18, 795, 298, 93, 0.021
5, OBJ|woman, 35, 667, 905, 100, 118, 0.561
6, OBJ|glasses, 566, 0, 0, 1023, 218, 0.005
6, OBJ|woman, 291, 242, 272, 96, 181, 0.992
7, OBJ|glasses, 35, 325, 572, 48, 72, 0.041
7, OBJ|woman, 438, 48, 544, 509, 394, 0.826
8, OBJ|glasses, 718, 877, 239, 61, 56, 0.196
8, OBJ|woman, 569, 767, 167, 256, 263, 0.951
9, OBJ|glasses, 549, 317, 823, 36, 103, 0.003
9, OBJ|woman, 567, 281, 774, 117, 225, 0.708
10, OBJ|glasses, 866, 300, 154, 465, 214, 0.007
10, OBJ|woman, 707, 54, 480, 159, 94, 0.468
11, OBJ|glasses, 20, 708, 170, 92, 27, 0.997
11, OBJ|woman, 709, 441, 76, 298, 478, 0.988
12, OBJ|glasses, 300, 249, 378, 76, 76, 0.678
12, OBJ|woman, 222, 15, 317, 426, 657, 0.891
13, OBJ|glasses, 173, 386, 441, 552, 329, 0.019
13, OBJ|woman, 315, 386, 167, 481, 561, 0.971
14, OBJ|glasses, 220, 319, 150, 62, 23, 0.295
14, OBJ|woman, 211, 512, 151, 44, 58, 0.560
15, OBJ|glasses, 232, 408, 405, 75, 82, 0.095
15, OBJ|woman, 546, 386, 405, 97, 185, 0.977
16, OBJ|glasses, 270, 147, 166, 111, 37, 0.144
16, OBJ|woman, 201, 377, 210, 89, 134, 0.483
17, OBJ|glasses, 430, 560, 314, 147, 66, 0.136
17, OBJ|woman, 15, 613, 353, 56, 100, 0.639
18, OBJ|glasses, 0, 86, 549, 89, 37, 0.010
18, OBJ|woman, 174, 763, 341, 76, 80, 0.301
19, OBJ|glasses, 108, 295, 246, 91, 66, 0.320
19, OBJ|woman, 359, 282, 250, 457, 199, 0.796
20, OBJ|glasses, 51, 144, 321, 84, 65, 0.083
20, OBJ|woman, 41, 133, 352, 47, 162, 0.185
21, OBJ|glasses, 161, 476, 264, 141, 25, 0.053
21, OBJ|woman, 75, 256, 238, 45, 49, 0.997
22, OBJ|glasses, 451, 299, 134, 94, 88, 0.368
22, OBJ|woman, 465, 277, 89, 163, 203, 0.989
23, OBJ|glasses, 4, 295, 580, 75, 43, 0.041
23, OBJ|woman, 785, 283, 238, 197, 422, 0.902
24, OBJ|glasses, 332, 114, 542, 112, 80, 0.022
24, OBJ|woman, 192, 126, 635, 92, 44, 0.545
25, OBJ|glasses, 708, 344, 442, 261, 267, 0.007
25, OBJ|woman, 209, 524, 355, 63, 149, 0.981
26, OBJ|glasses, 406, 837, 607, 108, 70, 0.112
26, OBJ|woman, 175, 946, 404, 66, 136, 0.574
27, OBJ|glasses, 41, 414, 0, 178, 51, 0.038
27, OBJ|woman, 253, 983, 204, 32, 107, 0.992
28, OBJ|glasses, 81, 804, 254, 34, 73, 0.013
28, OBJ|woman, 81, 804, 254, 34, 73, 0.338
29, OBJ|glasses, 60, 766, 511, 100, 34, 0.076
29, OBJ|woman, 359, 0, 0, 504, 466, 0.487
30, OBJ|glasses, 148, 408, 1091, 289, 188, 0.090
30, OBJ|woman, 198, 734, 419, 164, 860, 0.938
31, OBJ|glasses, 278, 385, 185, 86, 58, 0.135
31, OBJ|woman, 267, 432, 152, 260, 444, 0.968
32, OBJ|glasses, 380, 255, 351, 57, 114, 0.188
32, OBJ|woman, 484, 208, 238, 336, 785, 0.767
33, OBJ|glasses, 76, 387, 261, 67, 33, 0.077
33, OBJ|woman, 71, 165, 209, 400, 311, 0.909
34, OBJ|glasses, 18, 282, 24, 77, 83, 0.018
34, OBJ|woman, 232, 363, 82, 39, 103, 0.183
35, OBJ|glasses, 563, 867, 148, 89, 60, 0.173
35, OBJ|woman, 349, 564, 169, 258, 327, 0.962
36, OBJ|glasses, 261, 526, 44, 61, 59, 0.036
36, OBJ|woman, 90, 526, 17, 109, 110, 0.921
37, OBJ|glasses, 151, 636, 67, 64, 58, 0.082
37, OBJ|woman, 74, 623, 188, 68, 130, 0.393
38, OBJ|glasses, 48, 845, 80, 39, 54, 0.012
38, OBJ|woman, 126, 548, 344, 149, 171, 0.950
39, OBJ|glasses, 308, 170, 385, 206, 196, 0.180
39, OBJ|woman, 14, 286, 794, 307, 229, 0.165
40, OBJ|glasses, 12, 134, 367, 43, 56, 0.043
40, OBJ|woman, 230, 272, 563, 96, 198, 0.318
41, OBJ|glasses, 421, 157, 405, 88, 83, 0.137
41, OBJ|woman, 127, 121, 371, 167, 260, 0.981
42, OBJ|glasses, 368, 357, 329, 222, 61, 0.032
42, OBJ|woman, 204, 249, 279, 221, 185, 0.444
43, OBJ|glasses, 123, 279, 414, 172, 100, 0.560
43, OBJ|woman, 156, 212, 318, 291, 330, 0.989
44, OBJ|glasses, 269, 424, 232, 196, 140, 0.009
44, OBJ|woman, 13, 376, 175, 45, 78, 0.166
45, OBJ|glasses, 235, 777, 430, 97, 65, 0.260
45, OBJ|woman, 591, 656, 212, 257, 280, 0.858
46, OBJ|glasses, 270, 251, 190, 91, 59, 0.234
46, OBJ|woman, 796, 162, 0, 406, 454, 0.949
47, OBJ|glasses, 348, 212, 486, 79, 81, 0.015
47, OBJ|woman, 376, 19, 441, 73, 183, 0.734
48, OBJ|glasses, 406, 918, 229, 96, 129, 0.548
48, OBJ|woman, 422, 0, 0, 365, 423, 0.714
49, OBJ|glasses, 57, 0, 58, 166, 89, 0.007
49, OBJ|woman, 108, 534, 0, 50, 96, 0.857
50, OBJ|glasses, 201, 692, 291, 97, 59, 0.012
50, OBJ|woman, 259, 454, 323, 66, 88, 0.954
51, OBJ|glasses, 261, 500, 445, 155, 78, 0.015
51, OBJ|woman, 480, 507, 466, 71, 57, 0.218
52, OBJ|glasses, 236, 136, 7, 80, 56, 0.010
52, OBJ|woman, 282, 0, 0, 124, 315, 0.991
53, OBJ|glasses, 413, 921, 410, 34, 92, 0.004
53, OBJ|woman, 38, 744, 314, 107, 49, 0.210
54, OBJ|glasses, 29, 163, 150, 18, 58, 0.410
54, OBJ|woman, 372, 91, 191, 72, 100, 0.981
55, OBJ|glasses, 333, 70, 475, 863, 292, 0.066
55, OBJ|woman, 664, 648, 227, 375, 540, 0.896
56, OBJ|glasses, 301, 119, 559, 104, 80, 0.953
56, OBJ|woman, 487, 62, 511, 261, 350, 0.995
57, OBJ|glasses, 218, 251, 102, 77, 60, 0.456
57, OBJ|woman, 334, 170, 79, 235, 350, 0.932
58, OBJ|glasses, 172, 621, 423, 76, 43, 0.265
58, OBJ|woman, 967, 637, 382, 182, 217, 0.978
59, OBJ|glasses, 170, 395, 799, 126, 121, 0.004
59, OBJ|woman, 278, 395, 799, 141, 209, 0.596
60, OBJ|glasses, 465, 124, 386, 127, 44, 0.032
60, OBJ|woman, 4, 277, 214, 43, 89, 0.326
61, OBJ|glasses, 565, 361, 349, 161, 107, 0.411
61, OBJ|woman, 483, 301, 328, 209, 241, 0.936
62, OBJ|glasses, 12, 332, 184, 240, 140, 0.005
62, OBJ|woman, 9, 496, 426, 86, 132, 0.421
63, OBJ|glasses, 502, 522, 330, 49, 214, 0.069
63, OBJ|woman, 237, 0, 366, 64, 174, 0.980
64, OBJ|glasses, 199, 701, 84, 109, 38, 0.035
64, OBJ|woman, 344, 666, 0, 203, 155, 0.733
65, OBJ|glasses, 399, 212, 246, 123, 93, 0.077
65, OBJ|woman, 375, 212, 145, 293, 361, 0.948
66, OBJ|glasses, 332, 494, 544, 89, 91, 0.015
66, OBJ|woman, 3, 490, 614, 96, 194, 0.994
67, OBJ|glasses, 551, 311, 506, 99, 40, 0.100
67, OBJ|woman, 521, 286, 427, 58, 114, 0.407
68, OBJ|glasses, 462, 993, 219, 30, 86, 0.406
68, OBJ|woman, 178, 987, 85, 36, 220, 0.427
69, OBJ|glasses, 547, 113, 339, 209, 123, 0.037
69, OBJ|woman, 513, 234, 404, 74, 56, 0.294
70, OBJ|glasses, 747, 0, 326, 1023, 355, 0.004
70, OBJ|woman, 563, 42, 234, 140, 266, 0.938
71, OBJ|glasses, 331, 535, 10, 76, 98, 0.008
71, OBJ|woman, 288, 0, 0, 310, 739, 0.564
72, OBJ|glasses, 426, 483, 262, 56, 64, 0.161
72, OBJ|woman, 217, 453, 272, 39, 128, 0.157
73, OBJ|glasses, 55, 435, 289, 23, 123, 0.225
73, OBJ|woman, 260, 265, 513, 150, 78, 0.271
74, OBJ|glasses, 447, 263, 554, 128, 104, 0.027
74, OBJ|woman, 43, 545, 480, 114, 187, 0.984
75, OBJ|glasses, 358, 662, 376, 100, 57, 0.330
75, OBJ|woman, 152, 292, 202, 151, 273, 0.993
76, OBJ|glasses, 309, 567, 286, 66, 61, 0.239
76, OBJ|woman, 254, 186, 0, 441, 621, 0.969
77, OBJ|glasses, 673, 139, 74, 30, 25, 0.605
77, OBJ|woman, 1004, 107, 20, 111, 182, 0.977
78, OBJ|glasses, 562, 10, 326, 331, 169, 0.044
78, OBJ|woman, 95, 542, 247, 130, 174, 0.792
79, OBJ|glasses, 504, 940, 532, 83, 62, 0.151
79, OBJ|woman, 474, 316, 422, 217, 172, 0.665
80, OBJ|glasses, 385, 109, 630, 59, 61, 0.053
80, OBJ|woman, 71, 257, 409, 123, 262, 0.891
81, OBJ|glasses, 151, 851, 0, 93, 55, 0.043
81, OBJ|woman, 69, 539, 95, 245, 203, 0.884
82, OBJ|glasses, 441, 755, 259, 84, 136, 0.089
82, OBJ|woman, 449, 755, 259, 175, 182, 0.908
83, OBJ|glasses, 547, 86, 526, 206, 52, 0.049
83, OBJ|woman, 415, 0, 400, 113, 367, 0.967
84, OBJ|glasses, 283, 323, 334, 52, 46, 0.587
84, OBJ|woman, 216, 294, 301, 77, 164, 0.875
85, OBJ|glasses, 360, 153, 349, 44, 100, 0.030
85, OBJ|woman, 606, 105, 383, 118, 237, 0.924
86, OBJ|glasses, 533, 491, 192, 183, 133, 0.146
86, OBJ|woman, 420, 219, 0, 590, 767, 0.909
87, OBJ|glasses, 19, 586, 541, 89, 24, 0.074
87, OBJ|woman, 22, 432, 526, 51, 78, 0.880
88, OBJ|glasses, 18, 212, 537, 338, 86, 0.002
88, OBJ|woman, 32, 691, 601, 40, 79, 0.300
89, OBJ|glasses, 410, 233, 0, 204, 98, 0.057
89, OBJ|woman, 121, 386, 218, 115, 154, 0.924
90, OBJ|glasses, 97, 423, 497, 59, 33, 0.011
90, OBJ|woman, 91, 48, 427, 189, 387, 0.266
91, OBJ|glasses, 189, 224, 416, 121, 325, 0.010
91, OBJ|woman, 123, 0, 548, 224, 219, 0.868
92, OBJ|glasses, 186, 371, 91, 69, 57, 0.091
92, OBJ|woman, 379, 393, 105, 167, 241, 0.922
93, OBJ|glasses, 296, 188, 284, 676, 301, 0.014
93, OBJ|woman, 237, 165, 596, 172, 157, 0.981
94, OBJ|glasses, 284, 372, 332, 53, 50, 0.118
94, OBJ|woman, 289, 233, 215, 151, 389, 0.790
95, OBJ|glasses, 260, 550, 485, 83, 58, 0.058
95, OBJ|woman, 418, 334, 423, 689, 261, 0.716
96, OBJ|glasses, 206, 355, 186, 233, 360, 0.022
96, OBJ|woman, 163, 165, 67, 208, 485, 0.943
97, OBJ|glasses, 189, 186, 475, 101, 35, 0.169
97, OBJ|woman, 346, 0, 312, 226, 244, 0.964
98, OBJ|glasses, 448, 124, 236, 158, 110, 0.077
98, OBJ|woman, 119, 141, 299, 33, 83, 0.763
99, OBJ|glasses, 244, 50, 388, 93, 43, 0.029
99, OBJ|woman, 143, 0, 354, 224, 148, 0.147
100, OBJ|glasses, 256, 41, 333, 120, 106, 0.006
100, OBJ|woman, 351, 623, 309, 50, 77, 0.577
101, OBJ|glasses, 469, 384, 251, 132, 40, 0.041
101, OBJ|woman, 147, 112, 247, 363, 352, 0.473
102, OBJ|glasses, 581, 621, 370, 335, 49, 0.005
102, OBJ|woman, 258, 695, 393, 92, 56, 0.224
103, OBJ|glasses, 61, 143, 297, 211, 84, 0.289
103, OBJ|woman, 166, 0, 158, 1023, 609, 0.584
104, OBJ|glasses, 361, 726, 351, 81, 72, 0.235
104, OBJ|woman, 66, 729, 0, 294, 378, 0.817
105, OBJ|glasses, 420, 20, 535, 54, 84, 0.075
105, OBJ|woman, 701, 0, 423, 113, 535, 0.955
106, OBJ|glasses, 153, 279, 4, 64, 38, 0.037
106, OBJ|woman, 139, 209, 29, 84, 77, 0.918
107, OBJ|glasses, 437, 628, 396, 111, 45, 0.029
107, OBJ|woman, 443, 598, 497, 98, 103, 0.733
108, OBJ|glasses, 353, 905, 237, 89, 42, 0.025
108, OBJ|woman, 175, 117, 261, 166, 263, 0.984
109, OBJ|glasses, 335, 132, 249, 484, 433, 0.023
109, OBJ|woman, 139, 167, 314, 169, 304, 0.969
110, OBJ|glasses, 114, 501, 438, 121, 36, 0.119
110, OBJ|woman, 237, 363, 439, 63, 103, 0.845
111, OBJ|glasses, 668, 183, 322, 173, 91, 0.027
111, OBJ|woman, 0, 0, 413, 385, 104, 0.323
112, OBJ|glasses, 307, 78, 369, 124, 120, 0.114
112, OBJ|woman, 230, 127, 405, 75, 90, 0.253
113, OBJ|glasses, 0, 233, 137, 72, 56, 0.067
113, OBJ|woman, 114, 124, 325, 89, 194, 0.397
114, OBJ|glasses, 93, 523, 270, 81, 79, 0.123
114, OBJ|woman, 154, 453, 243, 213, 625, 0.930
115, OBJ|glasses, 325, 298, 215, 59, 65, 0.199
115, OBJ|woman, 163, 0, 0, 328, 680, 0.836
116, OBJ|glasses, 533, 12, 12, 32, 42, 0.080
116, OBJ|woman, 417, 36, 287, 32, 77, 0.987
117, OBJ|glasses, 25, 640, 403, 105, 76, 0.036
117, OBJ|woman, 114, 559, 278, 130, 248, 0.908
118, OBJ|glasses, 196, 775, 0, 178, 121, 0.012
118, OBJ|woman, 224, 590, 96, 55, 68, 0.327
119, OBJ|glasses, 119, 307, 142, 25, 19, 0.186
119, OBJ|woman, 3, 333, 168, 62, 73, 0.424
120, OBJ|glasses, 50, 497, 203, 69, 56, 0.037
120, OBJ|woman, 3, 342, 202, 228, 289, 0.813
121, OBJ|glasses, 150, 244, 656, 96, 26, 0.045
121, OBJ|woman, 302, 510, 225, 77, 77, 0.311
122, OBJ|glasses, 457, 280, 173, 41, 93, 0.628
122, OBJ|woman, 328, 126, 0, 305, 467, 0.975
123, OBJ|glasses, 4, 558, 489, 47, 54, 0.022
123, OBJ|woman, 35, 617, 969, 53, 54, 0.962
124, OBJ|glasses, 133, 924, 28, 34, 112, 0.024
124, OBJ|woman, 194, 348, 591, 205, 176, 0.259
125, OBJ|glasses, 100, 212, 520, 137, 65, 0.016
125, OBJ|woman, 465, 431, 404, 144, 137, 0.403
126, OBJ|glasses, 301, 391, 384, 74, 57, 0.032
126, OBJ|woman, 131, 320, 342, 87, 308, 0.939
127, OBJ|glasses, 399, 0, 0, 56, 57, 0.165
127, OBJ|woman, 14, 0, 510, 91, 213, 0.997
128, OBJ|glasses, 594, 173, 164, 104, 111, 0.042
128, OBJ|woman, 166, 288, 331, 42, 92, 0.706
129, OBJ|glasses, 63, 0, 291, 841, 732, 0.008
129, OBJ|woman, 518, 399, 291, 206, 473, 0.991
130, OBJ|glasses, 203, 767, 348, 60, 73, 0.012
130, OBJ|woman, 326, 817, 294, 96, 151, 0.834
131, OBJ|glasses, 589, 50, 626, 72, 52, 0.367
131, OBJ|woman, 611, 0, 516, 347, 507, 0.733
132, OBJ|glasses, 558, 491, 0, 311, 106, 0.010
132, OBJ|woman, 578, 783, 212, 123, 121, 0.967
133, OBJ|glasses, 416, 724, 325, 66, 67, 0.288
133, OBJ|woman, 180, 640, 167, 178, 421, 0.997
134, OBJ|glasses, 503, 606, 268, 318, 175, 0.003
134, OBJ|woman, 393, 825, 357, 94, 86, 0.119
135, OBJ|glasses, 24, 932, 206, 39, 79, 0.115
135, OBJ|woman, 111, 469, 388, 91, 128, 0.857
136, OBJ|glasses, 279, 0, 0, 767, 454, 0.004
136, OBJ|woman, 426, 262, 30, 229, 970, 0.789
137, OBJ|glasses, 35, 491, 10, 93, 23, 0.083
137, OBJ|woman, 281, 177, 10, 476, 435, 0.574
138, OBJ|glasses, 196, 217, 891, 95, 101, 0.129
138, OBJ|woman, 200, 264, 866, 48, 126, 0.619
139, OBJ|glasses, 498, 259, 0, 764, 362, 0.009
139, OBJ|woman, 580, 630, 164, 72, 191, 0.571
140, OBJ|glasses, 529, 318, 276, 282, 209, 0.003
140, OBJ|woman, 269, 379, 513, 148, 250, 0.955
141, OBJ|glasses, 233, 637, 147, 111, 87, 0.747
141, OBJ|woman, 301, 464, 134, 559, 482, 0.882
142, OBJ|glasses, 706, 596, 213, 175, 101, 0.054
142, OBJ|woman, 728, 128, 58, 833, 709, 0.771
143, OBJ|glasses, 454, 445, 206, 100, 76, 0.197
143, OBJ|woman, 223, 359, 125, 242, 217, 0.290
144, OBJ|glasses, 12, 810, 84, 64, 56, 0.019
144, OBJ|woman, 8, 734, 44, 102, 107, 0.978
145, OBJ|glasses, 356, 26, 407, 64, 60, 0.144
145, OBJ|woman, 140, 195, 67, 439, 611, 0.992
146, OBJ|glasses, 415, 51, 0, 398, 324, 0.100
146, OBJ|woman, 374, 73, 13, 218, 360, 0.691
147, OBJ|glasses, 413, 304, 457, 119, 60, 0.035
147, OBJ|woman, 74, 388, 249, 210, 444, 0.992
148, OBJ|glasses, 272, 583, 379, 138, 120, 0.137
148, OBJ|woman, 202, 471, 328, 250, 439, 0.569
149, OBJ|glasses, 50, 319, 296, 33, 67, 0.023
149, OBJ|woman, 325, 314, 296, 39, 115, 0.154
150, OBJ|glasses, 341, 146, 101, 24, 16, 0.291
150, OBJ|woman, 154, 360, 60, 27, 52, 0.897
151, OBJ|glasses, 262, 738, 201, 110, 89, 0.021
151, OBJ|woman, 0, 845, 247, 65, 65, 0.486
152, OBJ|glasses, 150, 350, 266, 51, 80, 0.012
152, OBJ|woman, 385, 425, 471, 126, 257, 0.857
153, OBJ|glasses, 26, 782, 244, 49, 60, 0.064
153, OBJ|woman, 148, 535, 88, 135, 223, 0.999
154, OBJ|glasses, 285, 325, 358, 61, 63, 0.052
154, OBJ|woman, 689, 243, 213, 176, 290, 0.227
155, OBJ|glasses, 448, 115, 141, 27, 47, 0.506
155, OBJ|woman, 142, 507, 226, 47, 142, 0.389
156, OBJ|glasses, 608, 818, 0, 161, 46, 0.334
156, OBJ|woman, 705, 182, 0, 455, 583, 0.940
157, OBJ|glasses, 612, 330, 563, 66, 82, 0.412
157, OBJ|woman, 181, 228, 661, 75, 186, 0.953
158, OBJ|glasses, 201, 367, 285, 142, 253, 0.009
158, OBJ|woman, 353, 310, 0, 713, 587, 0.957
159, OBJ|glasses, 204, 246, 563, 58, 78, 0.089
159, OBJ|woman, 901, 189, 421, 227, 479, 0.961
160, OBJ|glasses, 284, 0, 343, 227, 272, 0.011
160, OBJ|woman, 187, 0, 342, 179, 273, 0.896
161, OBJ|glasses, 193, 412, 365, 149, 86, 0.082
161, OBJ|woman, 112, 353, 241, 352, 308, 0.873
162, OBJ|glasses, 785, 751, 280, 51, 45, 0.014
162, OBJ|woman, 729, 658, 228, 109, 170, 0.961
163, OBJ|glasses, 219, 199, 165, 381, 279, 0.044
163, OBJ|woman, 265, 200, 166, 316, 270, 0.820
164, OBJ|glasses, 86, 0, 378, 1023, 298, 0.019
164, OBJ|woman, 294, 679, 385, 149, 291, 0.993
165, OBJ|glasses, 812, 760, 275, 105, 51, 0.031
165, OBJ|woman, 823, 569, 200, 104, 159, 0.906
166, OBJ|glasses, 425, 85, 414, 331, 132, 0.003
166, OBJ|woman, 461, 69, 530, 95, 186, 1.000
167, OBJ|glasses, 170, 742, 54, 99, 48, 0.050
167, OBJ|woman, 422, 616, 14, 280, 318, 0.419
168, OBJ|glasses, 293, 368, 352, 75, 47, 0.416
168, OBJ|woman, 433, 153, 196, 322, 295, 0.952
169, OBJ|glasses, 713, 213, 0, 555, 374, 0.231
169, OBJ|woman, 355, 150, 904, 64, 119, 0.773
170, OBJ|glasses, 472, 759, 347, 264, 53, 0.022
170, OBJ|woman, 428, 673, 411, 110, 55, 0.249
171, OBJ|glasses, 97, 0, 408, 58, 61, 0.262
171, OBJ|woman, 465, 0, 226, 69, 192, 0.952
172, OBJ|glasses, 138, 788, 136, 40, 87, 0.063
172, OBJ|woman, 175, 952, 261, 71, 210, 0.591
173, OBJ|glasses, 130, 325, 105, 61, 67, 0.222
173, OBJ|woman, 273, 239, 105, 190, 414, 0.969
174, OBJ|glasses, 90, 613, 138, 60, 60, 0.077
174, OBJ|woman, 54, 610, 88, 234, 381, 0.940
175, OBJ|glasses, 175, 359, 506, 132, 58, 0.015
175, OBJ|woman, 46, 337, 356, 155, 483, 0.953
176, OBJ|glasses, 388, 860, 204, 85, 58, 0.308
176, OBJ|woman, 196, 625, 70, 280, 284, 0.985
177, OBJ|glasses, 368, 138, 426, 108, 72, 0.037
177, OBJ|woman, 231, 186, 362, 77, 42, 0.781
178, OBJ|glasses, 524, 457, 328, 68, 56, 0.024
178, OBJ|woman, 353, 372, 36, 198, 445, 0.914
179, OBJ|glasses, 387, 967, 562, 30, 108, 0.590
179, OBJ|woman, 681, 373, 430, 286, 321, 0.704
180, OBJ|glasses, 299, 658, 378, 365, 221, 0.008
180, OBJ|woman, 119, 496, 260, 181, 311, 0.962
181, OBJ|glasses, 49, 627, 505, 72, 60, 0.030
181, OBJ|woman, 162, 615, 479, 104, 140, 0.974
182, OBJ|glasses, 400, 650, 217, 68, 86, 0.552
182, OBJ|woman, 461, 582, 0, 270, 767, 0.988
183, OBJ|glasses, 434, 747, 380, 66, 72, 0.011
183, OBJ|woman, 267, 764, 381, 89, 148, 0.925
184, OBJ|glasses, 857, 0, 483, 33, 81, 0.061
184, OBJ|woman, 103, 20, 350, 82, 90, 0.960
185, OBJ|glasses, 186, 0, 0, 670, 219, 0.017
185, OBJ|woman, 13, 535, 372, 100, 144, 0.995
186, OBJ|glasses, 608, 318, 109, 459, 528, 0.012
186, OBJ|woman, 391, 739, 52, 172, 363, 0.841
187, OBJ|glasses, 27, 416, 692, 84, 21, 0.033
187, OBJ|woman, 45, 0, 501, 419, 522, 0.286
188, OBJ|glasses, 38, 336, 205, 68, 67, 0.013
188, OBJ|woman, 252, 287, 189, 174, 237, 0.935
189, OBJ|glasses, 548, 215, 218, 68, 128, 0.144
189, OBJ|woman, 118, 195, 284, 107, 142, 0.974
190, OBJ|glasses, 484, 278, 284, 52, 49, 0.136
190, OBJ|woman, 79, 164, 248, 185, 190, 0.947
191, OBJ|glasses, 326, 318, 264, 69, 19, 0.119
191, OBJ|woman, 373, 220, 206, 134, 112, 0.755
192, OBJ|glasses, 595, 281, 94, 95, 145, 0.007
192, OBJ|woman, 583, 414, 352, 304, 210, 0.877
193, OBJ|glasses, 567, 176, 285, 74, 198, 0.003
193, OBJ|woman, 336, 361, 92, 115, 88, 0.289
194, OBJ|glasses, 216, 490, 145, 58, 74, 0.018
194, OBJ|woman, 135, 667, 205, 58, 114, 0.940
195, OBJ|glasses, 53, 291, 345, 154, 43, 0.190
195, OBJ|woman, 322, 472, 334, 109, 141, 0.744
196, OBJ|glasses, 647, 969, 460, 36, 59, 0.131
196, OBJ|woman, 212, 967, 428, 56, 118, 0.850
197, OBJ|glasses, 448, 703, 82, 96, 84, 0.416
197, OBJ|woman, 311, 676, 60, 191, 251, 0.816
198, OBJ|glasses, 285, 157, 481, 89, 109, 0.061
198, OBJ|woman, 703, 76, 460, 151, 257, 0.831
199, OBJ|glasses, 280, 0, 194, 622, 409, 0.016
199, OBJ|woman, 282, 304, 244, 219, 218, 0.550
200, OBJ|glasses, 457, 202, 556, 134, 56, 0.008
200, OBJ|woman, 207, 0, 143, 164, 526, 0.974
201, OBJ|glasses, 104, 81, 394, 377, 42, 0.208
201, OBJ|woman, 251, 128, 387, 703, 380, 0.849
202, OBJ|glasses, 107, 0, 0, 182, 101, 0.011
202, OBJ|woman, 91, 270, 580, 54, 55, 0.741
203, OBJ|glasses, 596, 243, 209, 183, 92, 0.871
203, OBJ|woman, 476, 0, 193, 639, 446, 0.954
204, OBJ|glasses, 102, 707, 566, 129, 101, 0.026
204, OBJ|woman, 159, 501, 165, 48, 50, 0.939
205, OBJ|glasses, 279, 0, 0, 1023, 393, 0.009
205, OBJ|woman, 408, 156, 288, 341, 302, 0.849
206, OBJ|glasses, 484, 224, 346, 108, 119, 0.023
206, OBJ|woman, 697, 124, 131, 297, 313, 0.679
207, OBJ|glasses, 491, 665, 359, 104, 38, 0.055
207, OBJ|woman, 99, 944, 251, 79, 141, 0.631
208, OBJ|glasses, 152, 890, 400, 93, 97, 0.117
208, OBJ|woman, 191, 626, 382, 180, 159, 0.717
209, OBJ|glasses, 143, 666, 150, 75, 123, 0.137
209, OBJ|woman, 225, 657, 133, 204, 341, 0.984
210, OBJ|glasses, 636, 211, 600, 80, 48, 0.059
210, OBJ|woman, 34, 335, 480, 52, 66, 0.970
211, OBJ|glasses, 246, 269, 179, 113, 79, 0.064
211, OBJ|woman, 64, 642, 460, 126, 345, 0.908
212, OBJ|glasses, 54, 323, 356, 150, 29, 0.016
212, OBJ|woman, 534, 32, 321, 61, 178, 0.915
213, OBJ|glasses, 443, 658, 199, 91, 47, 0.029
213, OBJ|woman, 15, 250, 374, 50, 198, 0.996
214, OBJ|glasses, 240, 339, 200, 91, 91, 0.153
214, OBJ|woman, 79, 271, 177, 232, 219, 0.894
215, OBJ|glasses, 76, 0, 426, 83, 48, 0.029
215, OBJ|woman, 544, 58, 628, 281, 44, 0.103
216, OBJ|glasses, 42, 909, 443, 92, 19, 0.248
216, OBJ|woman, 13, 0, 406, 128, 361, 0.736
217, OBJ|glasses, 446, 317, 529, 196, 155, 0.009
217, OBJ|woman, 580, 0, 296, 457, 663, 0.916
218, OBJ|glasses, 189, 186, 178, 167, 82, 0.118
218, OBJ|woman, 134, 266, 217, 96, 94, 0.552
219, OBJ|glasses, 723, 339, 0, 92, 45, 0.296
219, OBJ|woman, 230, 339, 0, 149, 142, 0.704
220, OBJ|glasses, 191, 537, 467, 195, 191, 0.047
220, OBJ|woman, 171, 992, 259, 31, 101, 0.963
221, OBJ|glasses, 297, 43, 632, 73, 120, 0.897
221, OBJ|woman, 148, 113, 376, 462, 661, 0.843
222, OBJ|glasses, 30, 221, 124, 74, 35, 0.996
222, OBJ|woman, 547, 120, 82, 185, 359, 0.905
223, OBJ|glasses, 151, 550, 251, 457, 206, 0.052
223, OBJ|woman, 13, 415, 367, 105, 122, 0.557
224, OBJ|glasses, 100, 624, 364, 88, 29, 0.032
224, OBJ|woman, 77, 555, 311, 254, 241, 0.898
225, OBJ|glasses, 637, 498, 471, 52, 44, 0.061
225, OBJ|woman, 659, 496, 300, 74, 89, 0.478
226, OBJ|glasses, 716, 0, 0, 767, 645, 0.002
226, OBJ|woman, 450, 211, 724, 48, 79, 0.939
227, OBJ|glasses, 239, 354, 541, 141, 60, 0.735
227, OBJ|woman, 374, 288, 276, 237, 325, 0.975
228, OBJ|glasses, 67, 78, 365, 241, 271, 0.003
228, OBJ|woman, 30, 284, 533, 45, 145, 0.291
229, OBJ|glasses, 521, 710, 0, 93, 48, 0.334
229, OBJ|woman, 52, 528, 335, 75, 157, 0.971
230, OBJ|glasses, 99, 174, 20, 161, 54, 0.073
230, OBJ|woman, 125, 316, 20, 245, 174, 0.331
231, OBJ|glasses, 734, 290, 0, 154, 81, 0.028
231, OBJ|woman, 806, 572, 133, 110, 468, 0.931
232, OBJ|glasses, 140, 722, 291, 209, 78, 0.003
232, OBJ|woman, 642, 519, 426, 121, 31, 0.118
233, OBJ|glasses, 167, 256, 150, 71, 42, 0.573
233, OBJ|woman, 96, 308, 123, 317, 283, 0.937
234, OBJ|glasses, 238, 424, 222, 88, 66, 0.087
234, OBJ|woman, 62, 411, 199, 198, 216, 0.906
235, OBJ|glasses, 618, 0, 0, 484, 481, 0.001
235, OBJ|woman, 59, 0, 742, 90, 269, 0.526
236, OBJ|glasses, 402, 209, 361, 76, 38, 0.367
236, OBJ|woman, 335, 173, 362, 149, 194, 0.910
237, OBJ|glasses, 476, 41, 120, 17, 102, 0.823
237, OBJ|woman, 477, 133, 14, 68, 120, 0.627
238, OBJ|glasses, 214, 608, 253, 119, 76, 0.235
238, OBJ|woman, 661, 272, 230, 635, 454, 0.985
239, OBJ|glasses, 267, 867, 247, 69, 91, 0.074
239, OBJ|woman, 553, 844, 290, 179, 271, 0.981
240, OBJ|glasses, 10, 864, 127, 62, 76, 0.043
240, OBJ|woman, 24, 864, 160, 62, 170, 0.155
241, OBJ|glasses, 770, 0, 0, 725, 177, 0.024
241, OBJ|woman, 321, 987, 42, 36, 66, 0.854
242, OBJ|glasses, 382, 807, 215, 97, 67, 0.481
242, OBJ|woman, 694, 751, 232, 181, 171, 0.935
243, OBJ|glasses, 408, 173, 713, 238, 34, 0.087
243, OBJ|woman, 286, 515, 197, 468, 412, 0.655
244, OBJ|glasses, 203, 0, 0, 1023, 438, 0.003
244, OBJ|woman, 106, 57, 386, 25, 88, 0.348
245, OBJ|glasses, 580, 344, 79, 70, 31, 0.819
245, OBJ|woman, 208, 562, 121, 49, 212, 0.819
246, OBJ|glasses, 331, 454, 591, 124, 103, 0.045
246, OBJ|woman, 343, 233, 445, 377, 578, 0.972
247, OBJ|glasses, 416, 510, 429, 91, 114, 0.004
247, OBJ|woman, 32, 421, 380, 77, 160, 0.993
248, OBJ|glasses, 475, 97, 270, 77, 23, 0.912
248, OBJ|woman, 53, 7, 190, 229, 187, 0.711
249, OBJ|glasses, 101, 797, 0, 99, 29, 0.031
249, OBJ|woman, 2, 653, 0, 31, 166, 0.900
250, OBJ|glasses, 242, 276, 287, 103, 83, 0.138
250, OBJ|woman, 552, 0, 177, 471, 553, 0.963
251, OBJ|glasses, 44, 387, 1160, 172, 39, 0.093
251, OBJ|woman, 181, 393, 537, 406, 662, 0.790
252, OBJ|glasses, 75, 628, 416, 74, 44, 0.076
252, OBJ|woman, 335, 22, 308, 107, 233, 0.437
253, OBJ|glasses, 23, 158, 122, 90, 25, 0.092
253, OBJ|woman, 392, 302, 60, 111, 75, 0.957
254, OBJ|glasses, 0, 288, 902, 149, 112, 0.014
254, OBJ|woman, 11, 303, 437, 65, 135, 0.913
255, OBJ|glasses, 196, 0, 611, 172, 69, 0.027
255, OBJ|woman, 411, 0, 368, 195, 293, 0.189
256, OBJ|glasses, 943, 0, 0, 933, 667, 0.006
256, OBJ|woman, 794, 25, 137, 256, 249, 0.430
257, OBJ|glasses, 8, 305, 270, 110, 11, 0.024
257, OBJ|woman, 70, 500, 233, 75, 111, 0.981
258, OBJ|glasses, 200, 0, 0, 1279, 898, 0.002
258, OBJ|woman, 305, 360, 630, 88, 64, 0.149
259, OBJ|glasses, 6, 0, 0, 1023, 56, 0.011
259, OBJ|woman, 682, 200, 102, 352, 544, 0.890
260, OBJ|glasses, 88, 945, 186, 78, 92, 0.780
260, OBJ|woman, 204, 753, 127, 270, 555, 0.984
261, OBJ|glasses, 93, 673, 443, 72, 33, 0.018
261, OBJ|woman, 83, 347, 451, 59, 85, 0.926
262, OBJ|glasses, 740, 550, 164, 96, 110, 0.006
262, OBJ|woman, 709, 558, 164, 86, 110, 0.409
263, OBJ|glasses, 390, 833, 504, 123, 65, 0.061
263, OBJ|woman, 387, 921, 562, 102, 187, 0.726
264, OBJ|glasses, 463, 646, 127, 86, 94, 0.137
264, OBJ|woman, 355, 267, 127, 624, 725, 0.973
265, OBJ|glasses, 644, 240, 554, 46, 86, 0.065
265, OBJ|woman, 5, 236, 543, 50, 97, 0.140
266, OBJ|glasses, 443, 93, 312, 340, 99, 0.010
266, OBJ|woman, 222, 58, 328, 41, 79, 0.316
267, OBJ|glasses, 203, 505, 366, 164, 122, 0.006
267, OBJ|woman, 475, 403, 497, 48, 88, 0.267
268, OBJ|glasses, 553, 12, 168, 426, 132, 0.013
268, OBJ|woman, 423, 213, 19, 221, 162, 0.180
269, OBJ|glasses, 305, 14, 139, 67, 79, 0.011
269, OBJ|woman, 70, 12, 197, 67, 172, 0.839
270, OBJ|glasses, 277, 639, 503, 58, 52, 0.080
270, OBJ|woman, 152, 555, 477, 102, 132, 0.753
271, OBJ|glasses, 232, 620, 483, 125, 57, 0.538
271, OBJ|woman, 304, 1, 276, 132, 107, 0.951
272, OBJ|glasses, 343, 822, 364, 110, 52, 0.002
272, OBJ|woman, 352, 866, 364, 66, 49, 0.220
273, OBJ|glasses, 437, 934, 137, 89, 132, 0.267
273, OBJ|woman, 330, 785, 353, 238, 230, 0.363
274, OBJ|glasses, 46, 890, 417, 133, 57, 0.089
274, OBJ|woman, 2, 119, 486, 58, 150, 0.991
275, OBJ|glasses, 47, 299, 77, 163, 49, 0.006
275, OBJ|woman, 441, 875, 76, 148, 280, 0.315
276, OBJ|glasses, 673, 485, 202, 35, 21, 0.130
276, OBJ|woman, 945, 483, 76, 83, 103, 0.942
277, OBJ|glasses, 224, 408, 190, 45, 74, 0.166
277, OBJ|woman, 208, 283, 130, 232, 253, 0.932
278, OBJ|glasses, 613, 0, 194, 17, 466, 0.039
278, OBJ|woman, 605, 249, 145, 203, 478, 0.865
279, OBJ|glasses, 243, 0, 427, 1023, 340, 0.023
279, OBJ|woman, 159, 428, 0, 595, 767, 0.790
280, OBJ|glasses, 478, 0, 0, 444, 657, 0.022
280, OBJ|woman, 245, 247, 836, 55, 76, 0.433
281, OBJ|glasses, 691, 0, 0, 1023, 751, 0.003
281, OBJ|woman, 659, 802, 353, 116, 161, 0.560
282, OBJ|glasses, 507, 402, 614, 76, 109, 0.153
282, OBJ|woman, 222, 293, 458, 406, 565, 0.971
283, OBJ|glasses, 270, 570, 311, 92, 59, 0.579
283, OBJ|woman, 288, 434, 224, 330, 458, 0.988
284, OBJ|glasses, 300, 671, 531, 86, 77, 0.098
284, OBJ|woman, 41, 597, 344, 223, 423, 0.963
285, OBJ|glasses, 208, 760, 463, 192, 57, 0.004
285, OBJ|woman, 160, 863, 473, 112, 80, 0.257
286, OBJ|glasses, 222, 766, 177, 109, 61, 0.127
286, OBJ|woman, 143, 460, 251, 213, 151, 0.333
287, OBJ|glasses, 300, 508, 87, 37, 42, 0.175
287, OBJ|woman, 12, 480, 74, 131, 307, 0.912
288, OBJ|glasses, 90, 280, 280, 191, 114, 0.002
288, OBJ|woman, 245, 864, 190, 159, 330, 0.284
289, OBJ|glasses, 245, 572, 262, 96, 124, 0.184
289, OBJ|woman, 30, 352, 137, 565, 869, 0.980
290, OBJ|glasses, 505, 228, 555, 85, 30, 0.106
290, OBJ|woman, 676, 392, 302, 148, 317, 0.948
291, OBJ|glasses, 486, 600, 254, 152, 171, 0.013
291, OBJ|woman, 672, 700, 234, 52, 141, 0.640
292, OBJ|glasses, 336, 621, 409, 111, 52, 0.023
292, OBJ|woman, 301, 475, 399, 126, 69, 0.559
293, OBJ|glasses, 495, 923, 273, 80, 82, 0.008
293, OBJ|woman, 53, 972, 410, 51, 46, 0.219
294, OBJ|glasses, 198, 508, 326, 77, 44, 0.655
294, OBJ|woman, 34, 615, 28, 69, 85, 0.426
295, OBJ|glasses, 211, 379, 404, 79, 48, 0.068
295, OBJ|woman, 171, 433, 410, 47, 102, 0.971
296, OBJ|glasses, 71, 225, 518, 98, 103, 0.012
296, OBJ|woman, 810, 195, 334, 191, 287, 0.573
297, OBJ|glasses, 218, 489, 485, 166, 20, 0.100
297, OBJ|woman, 125, 445, 321, 118, 115, 0.674
298, OBJ|glasses, 234, 36, 297, 86, 83, 0.014
298, OBJ|woman, 16, 656, 376, 80, 103, 0.758
299, OBJ|glasses, 276, 0, 628, 147, 122, 0.016
299, OBJ|woman, 36, 0, 357, 51, 56, 0.743
300, OBJ|glasses, 591, 583, 254, 72, 99, 0.020
300, OBJ|woman, 507, 562, 228, 129, 192, 0.825
301, OBJ|glasses, 636, 0, 0, 680, 773, 0.003
301, OBJ|woman, 27, 219, 884, 47, 48, 0.508
302, OBJ|glasses, 146, 203, 433, 59, 29, 0.007
302, OBJ|woman, 147, 203, 363, 121, 137, 0.222
303, OBJ|glasses, 548, 240, 804, 89, 73, 0.030
303, OBJ|woman, 826, 211, 691, 145, 314, 0.907
304, OBJ|glasses, 453, 679, 579, 56, 91, 0.035
304, OBJ|woman, 179, 508, 473, 92, 190, 0.479
305, OBJ|glasses, 11, 448, 470, 34, 64, 0.004
305, OBJ|woman, 72, 305, 282, 96, 261, 0.798
306, OBJ|glasses, 608, 0, 229, 1023, 476, 0.005
306, OBJ|woman, 525, 701, 290, 130, 170, 0.861
307, OBJ|glasses, 93, 173, 319, 96, 24, 0.050
307, OBJ|woman, 89, 283, 298, 42, 122, 0.873
308, OBJ|glasses, 269, 370, 403, 122, 123, 0.010
308, OBJ|woman, 376, 370, 340, 128, 199, 0.883
309, OBJ|glasses, 34, 204, 327, 58, 47, 0.019
309, OBJ|woman, 38, 323, 298, 59, 82, 0.875
310, OBJ|glasses, 420, 852, 431, 43, 83, 0.028
310, OBJ|woman, 369, 581, 389, 442, 293, 0.641
311, OBJ|glasses, 17, 0, 468, 83, 8, 0.122
311, OBJ|woman, 15, 150, 447, 169, 70, 0.217
312, OBJ|glasses, 30, 81, 345, 112, 21, 0.387
312, OBJ|woman, 592, 81, 283, 384, 334, 0.644
313, OBJ|glasses, 238, 929, 239, 62, 64, 0.034
313, OBJ|woman, 432, 814, 0, 209, 443, 0.981
314, OBJ|glasses, 238, 831, 483, 140, 77, 0.066
314, OBJ|woman, 361, 549, 532, 106, 123, 0.686
315, OBJ|glasses, 339, 970, 299, 53, 88, 0.073
315, OBJ|woman, 237, 457, 281, 540, 486, 0.773
316, OBJ|glasses, 90, 827, 100, 60, 46, 0.059
316, OBJ|woman, 17, 950, 0, 73, 261, 0.856
317, OBJ|glasses, 213, 579, 351, 132, 92, 0.021
317, OBJ|woman, 284, 786, 401, 237, 168, 0.509
318, OBJ|glasses, 596, 715, 398, 58, 69, 0.038
318, OBJ|woman, 639, 748, 381, 121, 194, 0.929
319, OBJ|glasses, 478, 385, 470, 134, 48, 0.634
319, OBJ|woman, 173, 111, 230, 464, 452, 0.988
320, OBJ|glasses, 108, 700, 449, 70, 11, 0.085
320, OBJ|woman, 328, 307, 455, 47, 44, 0.331
321, OBJ|glasses, 30, 17, 605, 114, 23, 0.072
321, OBJ|woman, 623, 159, 559, 166, 120, 0.924
322, OBJ|glasses, 38, 93, 276, 167, 36, 0.152
322, OBJ|woman, 114, 620, 191, 62, 175, 0.596
323, OBJ|glasses, 293, 4, 227, 87, 58, 0.070
323, OBJ|woman, 477, 782, 341, 44, 40, 0.633
324, OBJ|glasses, 162, 350, 118, 64, 121, 0.006
324, OBJ|woman, 440, 189, 121, 223, 413, 0.817
325, OBJ|glasses, 839, 443, 284, 104, 188, 0.215
325, OBJ|woman, 846, 345, 47, 227, 344, 0.956
326, OBJ|glasses, 116, 635, 297, 110, 42, 0.047
326, OBJ|woman, 50, 479, 308, 103, 345, 0.982
327, OBJ|glasses, 112, 935, 496, 93, 153, 0.159
327, OBJ|woman, 23, 543, 564, 67, 268, 0.988
328, OBJ|glasses, 381, 463, 281, 165, 105, 0.004
328, OBJ|woman, 173, 402, 281, 196, 96, 0.333
329, OBJ|glasses, 630, 248, 507, 85, 51, 0.019
329, OBJ|woman, 98, 446, 493, 55, 38, 0.788
330, OBJ|glasses, 89, 895, 102, 61, 58, 0.012
330, OBJ|woman, 475, 408, 96, 339, 550, 0.959
331, OBJ|glasses, 232, 311, 346, 273, 342, 0.044
331, OBJ|woman, 387, 381, 249, 137, 184, 0.961
332, OBJ|glasses, 385, 343, 313, 83, 38, 0.007
332, OBJ|woman, 299, 755, 236, 69, 55, 0.309
333, OBJ|glasses, 56, 831, 654, 192, 28, 0.009
333, OBJ|woman, 5, 464, 343, 102, 164, 0.982
334, OBJ|glasses, 232, 494, 279, 95, 61, 0.037
334, OBJ|woman, 218, 250, 259, 218, 213, 0.368
335, OBJ|glasses, 406, 0, 159, 39, 85, 0.280
335, OBJ|woman, 248, 0, 136, 116, 404, 0.881
336, OBJ|glasses, 542, 501, 359, 106, 102, 0.219
336, OBJ|woman, 366, 0, 255, 758, 512, 0.980
337, OBJ|glasses, 644, 926, 326, 97, 117, 0.018
337, OBJ|woman, 114, 340, 614, 73, 71, 0.485
338, OBJ|glasses, 55, 427, 447, 142, 35, 0.017
338, OBJ|woman, 159, 812, 430, 77, 60, 0.847
339, OBJ|glasses, 302, 449, 300, 64, 128, 0.229
339, OBJ|woman, 447, 341, 172, 160, 293, 0.964
340, OBJ|glasses, 263, 581, 271, 34, 89, 0.037
340, OBJ|woman, 536, 0, 91, 410, 416, 0.835
341, OBJ|glasses, 19, 603, 8, 82, 24, 0.097
341, OBJ|woman, 605, 411, 144, 114, 153, 0.973
342, OBJ|glasses, 112, 476, 264, 46, 55, 0.262
342, OBJ|woman, 365, 392, 256, 142, 415, 0.692
343, OBJ|glasses, 18, 436, 278, 65, 82, 0.036
343, OBJ|woman, 3, 713, 284, 74, 78, 0.339
344, OBJ|glasses, 181, 468, 205, 32, 92, 0.639
344, OBJ|woman, 256, 420, 162, 263, 364, 0.990
345, OBJ|glasses, 565, 460, 0, 162, 197, 0.012
345, OBJ|woman, 681, 518, 0, 58, 68, 0.245
346, OBJ|glasses, 200, 420, 177, 67, 68, 0.187
346, OBJ|woman, 54, 629, 52, 247, 405, 0.952
347, OBJ|glasses, 247, 113, 248, 40, 38, 0.975
347, OBJ|woman, 210, 97, 201, 205, 221, 0.928
348, OBJ|glasses, 30, 450, 326, 573, 168, 0.015
348, OBJ|woman, 43, 450, 326, 348, 168, 0.372
349, OBJ|glasses, 639, 317, 53, 88, 92, 0.063
349, OBJ|woman, 580, 314, 93, 135, 139, 0.924
350, OBJ|glasses, 311, 815, 440, 58, 74, 0.034
350, OBJ|woman, 247, 534, 279, 345, 309, 0.719
351, OBJ|glasses, 94, 0, 454, 155, 84, 0.034
351, OBJ|woman, 396, 50, 417, 118, 156, 0.909
352, OBJ|glasses, 584, 40, 11, 84, 68, 0.170
352, OBJ|woman, 599, 401, 3, 350, 656, 0.819
353, OBJ|glasses, 469, 439, 216, 138, 170, 0.043
353, OBJ|woman, 186, 603, 289, 118, 112, 0.500
354, OBJ|glasses, 204, 0, 0, 117, 62, 0.004
354, OBJ|woman, 94, 701, 235, 103, 181, 0.922
355, OBJ|glasses, 426, 65, 732, 157, 35, 0.115
355, OBJ|woman, 525, 597, 430, 426, 337, 0.562
356, OBJ|glasses, 102, 561, 371, 45, 64, 0.038
356, OBJ|woman, 122, 508, 141, 226, 518, 0.973
357, OBJ|glasses, 417, 419, 74, 96, 68, 0.606
357, OBJ|woman, 304, 136, 0, 617, 603, 0.883
358, OBJ|glasses, 639, 183, 336, 81, 39, 0.696
358, OBJ|woman, 31, 248, 264, 64, 129, 0.998
359, OBJ|glasses, 143, 268, 228, 70, 59, 0.131
359, OBJ|woman, 77, 179, 184, 209, 307, 0.971
360, OBJ|glasses, 74, 882, 467, 96, 40, 0.012
360, OBJ|woman, 286, 756, 255, 78, 165, 0.510
361, OBJ|glasses, 243, 279, 169, 181, 58, 0.062
361, OBJ|woman, 51, 655, 506, 72, 60, 0.658
362, OBJ|glasses, 282, 178, 367, 209, 220, 0.014
362, OBJ|woman, 568, 389, 265, 149, 242, 0.887
363, OBJ|glasses, 1071, 141, 281, 760, 210, 0.038
363, OBJ|woman, 685, 454, 281, 190, 149, 0.320
364, OBJ|glasses, 82, 631, 299, 46, 62, 0.052
364, OBJ|woman, 398, 95, 399, 56, 78, 0.319
365, OBJ|glasses, 127, 614, 209, 72, 57, 0.597
365, OBJ|woman, 369, 584, 182, 152, 341, 0.976
366, OBJ|glasses, 258, 442, 0, 323, 350, 0.004
366, OBJ|woman, 284, 378, 477, 246, 233, 0.337
367, OBJ|glasses, 312, 416, 198, 73, 53, 0.119
367, OBJ|woman, 582, 298, 161, 248, 197, 0.911
368, OBJ|glasses, 223, 782, 0, 241, 80, 0.061
368, OBJ|woman, 346, 0, 105, 692, 547, 0.381
369, OBJ|glasses, 221, 576, 370, 61, 61, 0.112
369, OBJ|woman, 96, 543, 335, 139, 131, 0.962
370, OBJ|glasses, 466, 933, 0, 90, 78, 0.114
370, OBJ|woman, 294, 500, 20, 236, 388, 0.136
371, OBJ|glasses, 439, 289, 287, 64, 71, 0.086
371, OBJ|woman, 698, 127, 217, 44, 218, 0.911
372, OBJ|glasses, 210, 769, 515, 186, 83, 0.013
372, OBJ|woman, 137, 741, 487, 248, 105, 0.193
373, OBJ|glasses, 566, 286, 163, 58, 73, 0.148
373, OBJ|woman, 580, 241, 58, 101, 135, 0.812
374, OBJ|glasses, 567, 735, 242, 39, 63, 0.078
374, OBJ|woman, 55, 763, 172, 71, 159, 0.965
375, OBJ|glasses, 21, 987, 96, 36, 403, 0.121
375, OBJ|woman, 94, 955, 0, 68, 608, 0.412
376, OBJ|glasses, 47, 575, 366, 65, 49, 0.429
376, OBJ|woman, 121, 455, 283, 236, 274, 0.898
377, OBJ|glasses, 78, 244, 161, 79, 28, 0.741
377, OBJ|woman, 370, 336, 50, 284, 297, 0.719
378, OBJ|glasses, 747, 120, 463, 59, 32, 0.128
378, OBJ|woman, 299, 237, 376, 39, 93, 0.942
379, OBJ|glasses, 60, 21, 612, 125, 33, 0.016
379, OBJ|woman, 39, 347, 574, 33, 94, 0.997
380, OBJ|glasses, 446, 366, 310, 124, 143, 0.074
380, OBJ|woman, 484, 218, 239, 299, 354, 0.646
381, OBJ|glasses, 804, 137, 228, 44, 82, 0.097
381, OBJ|woman, 88, 180, 254, 29, 63, 0.942
382, OBJ|glasses, 302, 124, 195, 81, 86, 0.033
382, OBJ|woman, 367, 556, 777, 120, 49, 0.359
383, OBJ|glasses, 224, 1065, 376, 62, 111, 0.009
383, OBJ|woman, 240, 455, 58, 342, 404, 0.394
384, OBJ|glasses, 326, 380, 0, 131, 32, 0.056
384, OBJ|woman, 185, 443, 391, 98, 191, 0.965
385, OBJ|glasses, 155, 194, 234, 382, 118, 0.007
385, OBJ|woman, 304, 506, 325, 113, 241, 0.944
386, OBJ|glasses, 10, 675, 630, 105, 51, 0.010
386, OBJ|woman, 285, 684, 239, 141, 181, 0.969
387, OBJ|glasses, 181, 740, 237, 36, 72, 0.037
387, OBJ|woman, 402, 726, 181, 126, 194, 0.415
388, OBJ|glasses, 39, 611, 308, 170, 53, 0.066
388, OBJ|woman, 122, 805, 477, 59, 103, 0.976
389, OBJ|glasses, 64, 106, 226, 80, 58, 0.015
389, OBJ|woman, 110, 131, 226, 55, 55, 0.347
390, OBJ|glasses, 32, 633, 529, 94, 37, 0.025
390, OBJ|woman, 852, 565, 426, 59, 212, 0.970
391, OBJ|glasses, 134, 192, 608, 101, 74, 0.009
391, OBJ|woman, 195, 221, 532, 95, 150, 0.974
392, OBJ|glasses, 454, 557, 681, 129, 122, 0.028
392, OBJ|woman, 647, 136, 350, 259, 496, 0.763
393, OBJ|glasses, 304, 234, 483, 157, 50, 0.021
393, OBJ|woman, 357, 300, 282, 252, 316, 0.952
394, OBJ|glasses, 156, 33, 565, 46, 52, 0.891
394, OBJ|woman, 385, 38, 151, 318, 616, 0.988
395, OBJ|glasses, 103, 493, 0, 315, 186, 0.567
395, OBJ|woman, 560, 298, 163, 324, 282, 0.680
396, OBJ|glasses, 73, 632, 424, 109, 33, 0.073
396, OBJ|woman, 320, 634, 574, 85, 31, 0.299
397, OBJ|glasses, 154, 60, 208, 108, 154, 0.004
397, OBJ|woman, 65, 440, 335, 150, 278, 0.998
398, OBJ|glasses, 268, 201, 0, 122, 45, 0.388
398, OBJ|woman, 199, 377, 0, 103, 170, 0.778
399, OBJ|glasses, 605, 726, 431, 90, 56, 0.039
399, OBJ|woman, 330, 652, 375, 79, 119, 0.950
400, OBJ|glasses, 246, 338, 391, 81, 101, 0.038
400, OBJ|woman, 33, 453, 396, 166, 301, 0.972
401, OBJ|glasses, 57, 677, 467, 62, 16, 0.244
401, OBJ|woman, 375, 582, 479, 53, 65, 0.876
402, OBJ|glasses, 2, 236, 630, 76, 76, 0.012
402, OBJ|woman, 0, 257, 866, 29, 79, 0.993
403, OBJ|glasses, 55, 502, 206, 43, 54, 0.151
403, OBJ|woman, 394, 506, 125, 152, 297, 0.930
404, OBJ|glasses, 167, 473, 0, 259, 21, 0.212
404, OBJ|woman, 298, 895, 0, 85, 75, 0.665
405, OBJ|glasses, 369, 746, 354, 89, 146, 0.120
405, OBJ|woman, 394, 460, 18, 460, 735, 0.938
406, OBJ|glasses, 51, 571, 412, 43, 69, 0.131
406, OBJ|woman, 56, 533, 369, 216, 256, 0.209
407, OBJ|glasses, 168, 209, 184, 24, 86, 0.363
407, OBJ|woman, 327, 120, 462, 469, 197, 0.598
408, OBJ|glasses, 122, 299, 309, 69, 64, 0.320
408, OBJ|woman, 81, 228, 284, 278, 344, 0.992
409, OBJ|glasses, 574, 946, 542, 58, 39, 0.131
409, OBJ|woman, 171, 688, 219, 335, 194, 0.458
410, OBJ|glasses, 439, 904, 0, 119, 37, 0.034
410, OBJ|woman, 447, 767, 271, 53, 77, 0.939
411, OBJ|glasses, 672, 960, 309, 24, 84, 0.843
411, OBJ|woman, 38, 849, 282, 93, 127, 0.899
412, OBJ|glasses, 69, 606, 252, 417, 216, 0.006
412, OBJ|woman, 359, 348, 399, 471, 328, 0.947
413, OBJ|glasses, 84, 945, 0, 78, 62, 0.005
413, OBJ|woman, 54, 100, 582, 250, 124, 0.333
414, OBJ|glasses, 244, 232, 235, 34, 11, 0.738
414, OBJ|woman, 478, 216, 103, 207, 179, 0.958
415, OBJ|glasses, 255, 106, 623, 120, 40, 0.558
415, OBJ|woman, 460, 273, 743, 61, 75, 0.640
416, OBJ|glasses, 414, 385, 327, 135, 119, 0.034
416, OBJ|woman, 215, 336, 0, 510, 364, 0.284
417, OBJ|glasses, 130, 260, 722, 87, 188, 0.021
417, OBJ|woman, 278, 315, 752, 56, 164, 0.115
418, OBJ|glasses, 425, 500, 483, 152, 136, 0.026
418, OBJ|woman, 259, 652, 447, 109, 204, 0.630
419, OBJ|glasses, 92, 0, 70, 587, 80, 0.030
419, OBJ|woman, 34, 796, 380, 100, 72, 0.121
420, OBJ|glasses, 88, 514, 100, 55, 42, 0.448
420, OBJ|woman, 398, 495, 59, 191, 250, 0.950
421, OBJ|glasses, 313, 611, 94, 63, 44, 0.038
421, OBJ|woman, 414, 695, 97, 50, 98, 0.912
422, OBJ|glasses, 647, 225, 312, 69, 58, 0.015
422, OBJ|woman, 323, 179, 452, 62, 87, 0.227
423, OBJ|glasses, 613, 0, 6, 990, 676, 0.020
423, OBJ|woman, 231, 260, 311, 58, 86, 0.800
424, OBJ|glasses, 161, 39, 200, 72, 41, 0.451
424, OBJ|woman, 80, 0, 142, 82, 205, 0.908
425, OBJ|glasses, 242, 319, 304, 96, 93, 0.207
425, OBJ|woman, 522, 336, 329, 121, 209, 0.883
426, OBJ|glasses, 20, 453, 485, 111, 17, 0.545
426, OBJ|woman, 77, 828, 353, 195, 414, 0.638
427, OBJ|glasses, 93, 185, 534, 132, 188, 0.208
427, OBJ|woman, 215, 0, 256, 315, 511, 0.902
428, OBJ|glasses, 629, 458, 603, 104, 62, 0.127
428, OBJ|woman, 148, 479, 257, 70, 97, 0.605
429, OBJ|glasses, 580, 907, 327, 42, 101, 0.003
429, OBJ|woman, 647, 912, 278, 45, 150, 0.448
430, OBJ|glasses, 266, 216, 183, 116, 81, 0.721
430, OBJ|woman, 154, 129, 185, 202, 336, 0.926
431, OBJ|glasses, 552, 578, 146, 50, 66, 0.223
431, OBJ|woman, 373, 489, 146, 257, 317, 0.955
432, OBJ|glasses, 133, 162, 449, 73, 15, 0.058
432, OBJ|woman, 12, 165, 282, 22, 32, 0.720
433, OBJ|glasses, 816, 0, 0, 918, 764, 0.005
433, OBJ|woman, 239, 0, 0, 78, 107, 0.524
434, OBJ|glasses, 552, 651, 478, 172, 156, 0.033
434, OBJ|woman, 373, 272, 408, 53, 135, 0.860
435, OBJ|glasses, 486, 900, 330, 75, 62, 0.023
435, OBJ|woman, 460, 852, 346, 171, 213, 0.613
436, OBJ|glasses, 794, 821, 298, 52, 62, 0.277
436, OBJ|woman, 217, 724, 242, 212, 294, 0.971
437, OBJ|glasses, 193, 256, 122, 54, 64, 0.583
437, OBJ|woman, 196, 38, 16, 417, 393, 0.995
438, OBJ|glasses, 91, 642, 426, 100, 183, 0.093
438, OBJ|woman, 78, 641, 360, 101, 249, 0.687
439, OBJ|glasses, 212, 263, 196, 51, 50, 0.187
439, OBJ|woman, 533, 535, 124, 39, 58, 0.888
440, OBJ|glasses, 461, 742, 223, 41, 48, 0.021
440, OBJ|woman, 773, 609, 212, 118, 167, 0.897
441, OBJ|glasses, 172, 415, 87, 103, 71, 0.123
441, OBJ|woman, 153, 237, 19, 571, 467, 0.945
442, OBJ|glasses, 236, 466, 164, 78, 84, 0.440
442, OBJ|woman, 402, 378, 118, 306, 323, 0.898
443, OBJ|glasses, 122, 261, 463, 112, 72, 0.283
443, OBJ|woman, 116, 337, 433, 97, 75, 0.792
444, OBJ|glasses, 315, 677, 209, 127, 170, 0.029
444, OBJ|woman, 824, 568, 204, 83, 143, 0.847
445, OBJ|glasses, 479, 427, 351, 37, 36, 0.056
445, OBJ|woman, 333, 329, 359, 48, 44, 0.801
446, OBJ|glasses, 8, 248, 311, 138, 18, 0.242
446, OBJ|woman, 189, 562, 239, 66, 148, 0.988
447, OBJ|glasses, 160, 369, 30, 123, 100, 0.008
447, OBJ|woman, 524, 836, 257, 187, 197, 0.930
448, OBJ|glasses, 33, 709, 256, 51, 79, 0.123
448, OBJ|woman, 524, 736, 365, 52, 63, 0.915
449, OBJ|glasses, 93, 460, 260, 47, 51, 0.767
449, OBJ|woman, 426, 460, 171, 226, 344, 0.924
450, OBJ|glasses, 633, 0, 0, 1023, 202, 0.002
450, OBJ|woman, 303, 0, 306, 60, 84, 0.738
451, OBJ|glasses, 58, 337, 124, 195, 72, 0.148
451, OBJ|woman, 193, 336, 232, 152, 381, 0.998
452, OBJ|glasses, 47, 127, 143, 99, 32, 0.115
452, OBJ|woman, 324, 95, 70, 200, 306, 0.947
453, OBJ|glasses, 527, 0, 407, 1023, 275, 0.042
453, OBJ|woman, 133, 165, 160, 88, 106, 0.670
454, OBJ|glasses, 216, 523, 300, 109, 52, 0.019
454, OBJ|woman, 279, 466, 300, 156, 265, 0.990
455, OBJ|glasses, 133, 323, 148, 303, 25, 0.009
455, OBJ|woman, 623, 639, 170, 131, 103, 0.730
456, OBJ|glasses, 305, 85, 813, 556, 39, 0.013
456, OBJ|woman, 102, 520, 775, 63, 46, 0.322
457, OBJ|glasses, 246, 649, 517, 56, 65, 0.462
457, OBJ|woman, 24, 452, 283, 304, 326, 0.946
458, OBJ|glasses, 381, 54, 691, 122, 74, 0.035
458, OBJ|woman, 275, 0, 614, 207, 409, 0.911
459, OBJ|glasses, 468, 0, 428, 182, 97, 0.024
459, OBJ|woman, 58, 0, 429, 89, 234, 0.554
460, OBJ|glasses, 677, 0, 0, 977, 440, 0.001
460, OBJ|woman, 13, 0, 319, 152, 164, 0.361
461, OBJ|glasses, 4, 600, 348, 91, 33, 0.005
461, OBJ|woman, 40, 759, 425, 64, 74, 0.220
462, OBJ|glasses, 3, 797, 280, 64, 60, 0.059
462, OBJ|woman, 156, 839, 300, 89, 131, 0.341
463, OBJ|glasses, 100, 404, 354, 128, 64, 0.044
463, OBJ|woman, 447, 392, 386, 110, 91, 0.610
464, OBJ|glasses, 86, 375, 677, 108, 56, 0.658
464, OBJ|woman, 199, 323, 619, 357, 404, 0.497
465, OBJ|glasses, 640, 27, 700, 305, 265, 0.013
465, OBJ|woman, 384, 321, 69, 244, 534, 0.997
466, OBJ|glasses, 256, 66, 319, 96, 43, 0.026
466, OBJ|woman, 206, 72, 425, 55, 144, 0.985
467, OBJ|glasses, 702, 560, 222, 32, 36, 0.224
467, OBJ|woman, 30, 617, 258, 18, 79, 0.828
468, OBJ|glasses, 270, 558, 174, 166, 172, 0.874
468, OBJ|woman, 226, 292, 26, 848, 933, 0.990
469, OBJ|glasses, 239, 600, 343, 209, 38, 0.017
469, OBJ|woman, 733, 931, 239, 82, 208, 0.890
470, OBJ|glasses, 329, 283, 232, 117, 71, 0.026
470, OBJ|woman, 348, 204, 140, 252, 259, 0.908
471, OBJ|glasses, 548, 342, 450, 80, 56, 0.052
471, OBJ|woman, 390, 293, 294, 183, 383, 0.995
472, OBJ|glasses, 261, 496, 456, 117, 59, 0.173
472, OBJ|woman, 301, 876, 430, 72, 52, 0.518
473, OBJ|glasses, 129, 353, 346, 80, 16, 0.269
473, OBJ|woman, 214, 664, 402, 117, 48, 0.313
474, OBJ|glasses, 176, 877, 287, 64, 70, 0.048
474, OBJ|woman, 143, 877, 287, 59, 84, 0.277
475, OBJ|glasses, 498, 685, 611, 115, 34, 0.142
475, OBJ|woman, 173, 712, 552, 311, 215, 0.663
476, OBJ|glasses, 82, 0, 322, 57, 66, 0.056
476, OBJ|woman, 215, 33, 281, 51, 75, 0.589
477, OBJ|glasses, 741, 258, 310, 225, 69, 0.061
477, OBJ|woman, 833, 804, 137, 168, 288, 0.768
478, OBJ|glasses, 406, 290, 681, 85, 80, 0.115
478, OBJ|woman, 153, 570, 432, 110, 591, 0.652
479, OBJ|glasses, 13, 479, 299, 86, 57, 0.096
479, OBJ|woman, 103, 455, 166, 99, 140, 0.951
480, OBJ|glasses, 137, 126, 390, 121, 66, 0.167
480, OBJ|woman, 157, 161, 409, 67, 88, 0.904
481, OBJ|glasses, 623, 0, 267, 146, 144, 0.073
481, OBJ|woman, 140, 0, 204, 209, 478, 0.925
482, OBJ|glasses, 236, 466, 133, 56, 71, 0.130
482, OBJ|woman, 557, 370, 53, 242, 389, 0.998
483, OBJ|glasses, 419, 141, 562, 487, 205, 0.007
483, OBJ|woman, 350, 187, 537, 48, 87, 0.656
484, OBJ|glasses, 318, 560, 0, 311, 63, 0.072
484, OBJ|woman, 163, 526, 0, 101, 224, 0.948
485, OBJ|glasses, 810, 509, 235, 63, 72, 0.055
485, OBJ|woman, 592, 472, 407, 92, 51, 0.513
486, OBJ|glasses, 12, 577, 280, 101, 143, 0.056
486, OBJ|woman, 283, 494, 208, 273, 446, 0.945
487, OBJ|glasses, 350, 346, 0, 146, 60, 0.013
487, OBJ|woman, 52, 474, 620, 66, 103, 0.949
488, OBJ|glasses, 252, 993, 507, 243, 194, 0.072
488, OBJ|woman, 235, 854, 548, 384, 285, 0.213
489, OBJ|glasses, 304, 830, 525, 135, 57, 0.013
489, OBJ|woman, 212, 830, 525, 137, 80, 0.527
490, OBJ|glasses, 31, 503, 271, 70, 83, 0.007
490, OBJ|woman, 286, 506, 212, 92, 180, 0.977
491, OBJ|glasses, 237, 10, 143, 79, 46, 0.018
491, OBJ|woman, 295, 982, 325, 41, 98, 0.704
492, OBJ|glasses, 407, 441, 412, 79, 113, 0.025
492, OBJ|woman, 106, 329, 313, 224, 369, 0.952
493, OBJ|glasses, 360, 974, 187, 49, 50, 0.031
493, OBJ|woman, 234, 659, 430, 257, 188, 0.383
494, OBJ|glasses, 7, 243, 440, 65, 11, 0.156
494, OBJ|woman, 0, 746, 361, 28, 49, 0.912
495, OBJ|glasses, 139, 90, 0, 126, 115, 0.004
495, OBJ|woman, 323, 0, 0, 479, 566, 0.890
496, OBJ|glasses, 18, 344, 357, 228, 135, 0.005
496, OBJ|woman, 161, 122, 392, 65, 93, 0.565
497, OBJ|glasses, 214, 337, 260, 88, 37, 0.461
497, OBJ|woman, 206, 73, 31, 514, 430, 0.953
498, OBJ|glasses, 361, 0, 0, 682, 162, 0.003
498, OBJ|woman, 325, 25, 366, 149, 383, 0.998
499, OBJ|glasses, 74, 834, 300, 105, 66, 0.108
499, OBJ|woman, 436, 637, 385, 90, 177, 0.963
500, OBJ|glasses, 440, 175, 0, 848, 336, 0.008
500, OBJ|woman, 5, 523, 416, 139, 329, 0.973
501, OBJ|glasses, 408, 66, 257, 64, 66, 0.212
501, OBJ|woman, 105, 0, 169, 301, 379, 0.763
502, OBJ|glasses, 340, 230, 283, 438, 69, 0.017
502, OBJ|woman, 10, 635, 407, 58, 100, 0.950
503, OBJ|glasses, 507, 466, 485, 397, 68, 0.051
503, OBJ|woman, 413, 255, 457, 279, 96, 0.415
504, OBJ|glasses, 297, 515, 0, 134, 54, 0.090
504, OBJ|woman, 188, 319, 224, 213, 155, 0.829
505, OBJ|glasses, 373, 169, 455, 86, 100, 0.167
505, OBJ|woman, 357, 143, 455, 180, 231, 0.989
506, OBJ|glasses, 28, 263, 173, 41, 52, 0.013
506, OBJ|woman, 233, 280, 0, 221, 372, 0.826
507, OBJ|glasses, 0, 254, 0, 769, 251, 0.019
507, OBJ|woman, 325, 773, 247, 250, 520, 0.988
508, OBJ|glasses, 307, 9, 0, 374, 269, 0.054
508, OBJ|woman, 80, 784, 80, 108, 155, 0.960
509, OBJ|glasses, 387, 262, 280, 115, 86, 0.014
509, OBJ|woman, 221, 208, 310, 95, 212, 0.947
510, OBJ|glasses, 234, 190, 41, 634, 392, 0.005
510, OBJ|woman, 143, 929, 309, 94, 201, 0.853
511, OBJ|glasses, 480, 354, 471, 220, 84, 0.013
511, OBJ|woman, 32, 948, 369, 39, 119, 0.992
512, OBJ|glasses, 47, 319, 493, 188, 179, 0.012
512, OBJ|woman, 18, 0, 534, 35, 82, 0.506
513, OBJ|glasses, 253, 318, 0, 111, 108, 0.036
513, OBJ|woman, 36, 342, 70, 80, 104, 0.650
514, OBJ|glasses, 132, 98, 188, 66, 70, 0.331
514, OBJ|woman, 342, 154, 179, 401, 384, 0.991
515, OBJ|glasses, 127, 707, 499, 135, 52, 0.076
515, OBJ|woman, 487, 482, 17, 541, 665, 0.993
516, OBJ|glasses, 69, 687, 513, 62, 72, 0.050
516, OBJ|woman, 432, 216, 306, 89, 60, 0.825
517, OBJ|glasses, 134, 520, 543, 119, 65, 0.033
517, OBJ|woman, 21, 0, 394, 90, 135, 0.989
518, OBJ|glasses, 331, 485, 710, 334, 57, 0.178
518, OBJ|woman, 242, 650, 164, 127, 209, 0.478
519, OBJ|glasses, 539, 348, 502, 91, 67, 0.072
519, OBJ|woman, 565, 328, 408, 141, 215, 0.963
520, OBJ|glasses, 14, 558, 0, 465, 254, 0.004
520, OBJ|woman, 348, 882, 607, 48, 76, 0.299
521, OBJ|glasses, 415, 178, 416, 50, 54, 0.077
521, OBJ|woman, 820, 139, 310, 182, 205, 0.981
522, OBJ|glasses, 101, 475, 175, 110, 33, 0.310
522, OBJ|woman, 435, 307, 205, 287, 212, 0.669
523, OBJ|glasses, 41, 154, 99, 42, 32, 0.056
523, OBJ|woman, 883, 64, 4, 167, 240, 0.893
524, OBJ|glasses, 606, 500, 357, 329, 182, 0.005
524, OBJ|woman, 206, 935, 324, 41, 128, 0.390
525, OBJ|glasses, 635, 227, 0, 75, 79, 0.043
525, OBJ|woman, 587, 354, 554, 96, 132, 0.487
526, OBJ|glasses, 349, 169, 0, 306, 141, 0.078
526, OBJ|woman, 244, 500, 52, 94, 105, 0.239
527, OBJ|glasses, 240, 204, 127, 32, 40, 0.577
527, OBJ|woman, 80, 127, 86, 166, 241, 0.987
528, OBJ|glasses, 131, 0, 0, 1023, 225, 0.003
528, OBJ|woman, 415, 718, 250, 192, 252, 0.692
529, OBJ|glasses, 189, 18, 412, 160, 73, 0.062
529, OBJ|woman, 130, 0, 426, 278, 343, 0.937
530, OBJ|glasses, 440, 238, 249, 80, 166, 0.454
530, OBJ|woman, 370, 161, 249, 213, 518, 0.729
531, OBJ|glasses, 351, 549, 307, 96, 112, 0.020
531, OBJ|woman, 679, 198, 803, 225, 220, 0.726
532, OBJ|glasses, 245, 118, 414, 68, 48, 0.396
532, OBJ|woman, 42, 254, 624, 126, 291, 0.988
533, OBJ|glasses, 551, 194, 855, 149, 108, 0.087
533, OBJ|woman, 627, 0, 145, 204, 783, 0.980
534, OBJ|glasses, 44, 631, 305, 72, 57, 0.122
534, OBJ|woman, 34, 628, 305, 127, 136, 0.765
535, OBJ|glasses, 630, 615, 322, 111, 16, 0.145
535, OBJ|woman, 145, 344, 243, 37, 121, 0.269
536, OBJ|glasses, 5, 440, 553, 84, 77, 0.037
536, OBJ|woman, 29, 440, 553, 67, 77, 0.172
537, OBJ|glasses, 45, 338, 86, 163, 60, 0.020
537, OBJ|woman, 920, 489, 266, 102, 89, 0.290
538, OBJ|glasses, 109, 900, 375, 114, 24, 0.077
538, OBJ|woman, 458, 493, 255, 90, 213, 0.995
539, OBJ|glasses, 122, 332, 604, 229, 266, 0.032
539, OBJ|woman, 136, 414, 347, 304, 331, 0.732
540, OBJ|glasses, 385, 196, 358, 72, 76, 0.025
540, OBJ|woman, 270, 196, 386, 63, 74, 0.209
541, OBJ|glasses, 68, 0, 389, 213, 197, 0.017
541, OBJ|woman, 232, 0, 427, 92, 114, 0.941
542, OBJ|glasses, 545, 118, 118, 99, 128, 0.166
542, OBJ|woman, 473, 461, 154, 71, 80, 0.934
543, OBJ|glasses, 426, 906, 318, 117, 40, 0.020
543, OBJ|woman, 212, 513, 275, 157, 234, 0.983
544, OBJ|glasses, 290, 163, 341, 197, 87, 0.008
544, OBJ|woman, 243, 630, 364, 113, 499, 0.982
545, OBJ|glasses, 618, 0, 571, 265, 26, 0.130
545, OBJ|woman, 61, 532, 231, 50, 60, 0.972
546, OBJ|glasses, 372, 794, 362, 229, 112, 0.019
546, OBJ|woman, 338, 837, 412, 67, 62, 0.302
547, OBJ|glasses, 256, 142, 252, 76, 116, 0.080
547, OBJ|woman, 36, 412, 335, 35, 90, 0.974
548, OBJ|glasses, 5, 612, 464, 213, 74, 0.025
548, OBJ|woman, 127, 142, 375, 101, 238, 0.702
549, OBJ|glasses, 820, 297, 378, 53, 61, 0.232
549, OBJ|woman, 529, 435, 391, 135, 291, 0.671
550, OBJ|glasses, 290, 816, 81, 65, 107, 0.030
550, OBJ|woman, 395, 738, 21, 237, 357, 0.997
551, OBJ|glasses, 384, 489, 290, 49, 113, 0.048
551, OBJ|woman, 369, 469, 250, 70, 179, 0.685
552, OBJ|glasses, 494, 970, 378, 53, 62, 0.028
552, OBJ|woman, 421, 729, 406, 121, 240, 0.546
553, OBJ|glasses, 716, 296, 628, 141, 51, 0.067
553, OBJ|woman, 106, 0, 9, 123, 515, 0.949
554, OBJ|glasses, 229, 500, 250, 70, 32, 0.060
554, OBJ|woman, 167, 441, 106, 157, 347, 0.606
555, OBJ|glasses, 46, 217, 333, 105, 87, 0.066
555, OBJ|woman, 250, 621, 283, 62, 86, 0.854
556, OBJ|glasses, 213, 961, 82, 59, 27, 0.350
556, OBJ|woman, 39, 657, 24, 209, 140, 0.485
557, OBJ|glasses, 454, 458, 323, 110, 89, 0.029
557, OBJ|woman, 597, 0, 347, 687, 420, 0.873
558, OBJ|glasses, 64, 708, 109, 23, 91, 0.006
558, OBJ|woman, 146, 937, 303, 86, 201, 0.464
559, OBJ|glasses, 456, 598, 199, 30, 146, 0.081
559, OBJ|woman, 389, 17, 146, 586, 621, 0.941
560, OBJ|glasses, 61, 716, 0, 68, 58, 0.140
560, OBJ|woman, 113, 932, 386, 58, 123, 0.999
561, OBJ|glasses, 337, 501, 480, 98, 89, 0.030
561, OBJ|woman, 1, 481, 512, 35, 86, 0.990
562, OBJ|glasses, 813, 40, 0, 983, 540, 0.006
562, OBJ|woman, 688, 824, 465, 157, 158, 0.990
563, OBJ|glasses, 257, 464, 469, 156, 46, 0.265
563, OBJ|woman, 273, 443, 482, 56, 139, 0.700
564, OBJ|glasses, 393, 429, 487, 63, 73, 0.190
564, OBJ|woman, 334, 224, 262, 414, 426, 0.551
565, OBJ|glasses, 269, 279, 183, 104, 56, 0.006
565, OBJ|woman, 437, 562, 255, 72, 59, 0.513
566, OBJ|glasses, 68, 288, 487, 108, 51, 0.034
566, OBJ|woman, 127, 338, 508, 61, 80, 0.786
567, OBJ|glasses, 30, 306, 785, 141, 17, 0.063
567, OBJ|woman, 308, 613, 856, 42, 75, 0.226
568, OBJ|glasses, 456, 79, 631, 76, 56, 0.017
568, OBJ|woman, 261, 578, 299, 77, 144, 0.953
569, OBJ|glasses, 131, 297, 393, 176, 208, 0.580
569, OBJ|woman, 120, 251, 201, 422, 631, 0.966
570, OBJ|glasses, 510, 255, 104, 93, 94, 0.052
570, OBJ|woman, 81, 0, 0, 577, 593, 0.978
571, OBJ|glasses, 458, 382, 136, 53, 39, 0.152
571, OBJ|woman, 583, 288, 144, 88, 80, 0.640
572, OBJ|glasses, 296, 944, 326, 46, 57, 0.178
572, OBJ|woman, 213, 879, 277, 144, 315, 0.982
573, OBJ|glasses, 299, 521, 211, 97, 39, 0.284
573, OBJ|woman, 314, 285, 240, 119, 87, 0.539
574, OBJ|glasses, 57, 772, 507, 33, 75, 0.022
574, OBJ|woman, 136, 743, 463, 93, 204, 0.861
575, OBJ|glasses, 403, 98, 121, 81, 60, 0.177
575, OBJ|woman, 233, 415, 0, 220, 497, 0.942
576, OBJ|glasses, 480, 596, 332, 71, 59, 0.746
576, OBJ|woman, 58, 440, 162, 583, 516, 0.924
577, OBJ|glasses, 297, 733, 506, 148, 55, 0.015
577, OBJ|woman, 136, 9, 467, 58, 182, 0.946
578, OBJ|glasses, 251, 311, 437, 60, 52, 0.070
578, OBJ|woman, 30, 91, 409, 329, 271, 0.926
579, OBJ|glasses, 48, 594, 553, 120, 60, 0.027
579, OBJ|woman, 12, 508, 501, 152, 138, 0.359
580, OBJ|glasses, 334, 638, 234, 130, 88, 0.007
580, OBJ|woman, 68, 355, 431, 91, 237, 0.933
581, OBJ|glasses, 293, 356, 622, 126, 33, 0.019
581, OBJ|woman, 139, 429, 555, 58, 90, 0.190
582, OBJ|glasses, 82, 781, 216, 66, 58, 0.054
582, OBJ|woman, 309, 629, 161, 94, 200, 0.783
583, OBJ|glasses, 106, 0, 241, 52, 71, 0.075
583, OBJ|woman, 57, 0, 266, 96, 404, 0.975
584, OBJ|glasses, 177, 161, 399, 131, 78, 0.573
584, OBJ|woman, 134, 255, 381, 72, 122, 0.366
585, OBJ|glasses, 283, 179, 472, 67, 84, 0.656
585, OBJ|woman, 37, 59, 239, 300, 613, 0.983
586, OBJ|glasses, 339, 0, 0, 819, 374, 0.003
586, OBJ|woman, 45, 325, 363, 42, 49, 0.966
587, OBJ|glasses, 376, 332, 237, 42, 37, 0.401
587, OBJ|woman, 250, 306, 237, 97, 250, 0.905
588, OBJ|glasses, 135, 284, 146, 92, 25, 0.367
588, OBJ|woman, 13, 0, 0, 684, 523, 0.925
589, OBJ|glasses, 457, 712, 410, 72, 94, 0.005
589, OBJ|woman, 415, 712, 252, 142, 381, 0.774
590, OBJ|glasses, 32, 872, 0, 72, 55, 0.602
590, OBJ|woman, 819, 325, 16, 210, 320, 0.488
591, OBJ|glasses, 463, 282, 741, 201, 46, 0.056
591, OBJ|woman, 634, 361, 546, 321, 477, 0.970
592, OBJ|glasses, 733, 328, 321, 66, 61, 0.117
592, OBJ|woman, 397, 319, 140, 292, 351, 0.922
593, OBJ|glasses, 130, 381, 0, 542, 81, 0.047
593, OBJ|woman, 6, 451, 311, 53, 134, 0.998
594, OBJ|glasses, 50, 102, 94, 108, 61, 0.013
594, OBJ|woman, 287, 95, 169, 191, 250, 0.944
595, OBJ|glasses, 487, 287, 200, 43, 60, 0.651
595, OBJ|woman, 369, 0, 196, 511, 568, 0.925
596, OBJ|glasses, 346, 580, 612, 123, 89, 0.180
596, OBJ|woman, 178, 675, 254, 436, 686, 0.750
597, OBJ|glasses, 628, 520, 300, 59, 102, 0.105
597, OBJ|woman, 567, 398, 271, 288, 280, 0.924
598, OBJ|glasses, 423, 634, 356, 108, 73, 0.233
598, OBJ|woman, 235, 421, 329, 602, 353, 0.967
599, OBJ|glasses, 43, 722, 460, 172, 154, 0.006
599, OBJ|woman, 315, 773, 427, 148, 282, 0.337
600, OBJ|glasses, 589, 653, 378, 53, 133, 0.016
600, OBJ|woman, 741, 643, 435, 58, 169, 0.377
601, OBJ|glasses, 136, 542, 194, 47, 53, 0.046
601, OBJ|woman, 198, 369, 122, 325, 406, 0.922
602, OBJ|glasses, 427, 729, 447, 116, 87, 0.035
602, OBJ|woman, 450, 668, 374, 136, 193, 0.840
603, OBJ|glasses, 327, 736, 280, 121, 97, 0.070
603, OBJ|woman, 671, 736, 206, 287, 305, 0.963
604, OBJ|glasses, 649, 943, 241, 40, 58, 0.111
604, OBJ|woman, 269, 935, 240, 88, 146, 0.977
605, OBJ|glasses, 395, 297, 113, 726, 447, 0.003
605, OBJ|woman, 10, 533, 374, 98, 58, 0.416
606, OBJ|glasses, 441, 602, 0, 73, 58, 0.042
606, OBJ|woman, 133, 530, 0, 388, 643, 0.416
607, OBJ|glasses, 349, 844, 533, 99, 21, 0.095
607, OBJ|woman, 370, 571, 476, 443, 239, 0.469
608, OBJ|glasses, 313, 258, 181, 136, 76, 0.305
608, OBJ|woman, 469, 0, 0, 339, 347, 0.594
609, OBJ|glasses, 65, 534, 356, 84, 30, 0.097
609, OBJ|woman, 5, 936, 294, 60, 190, 0.999
610, OBJ|glasses, 155, 307, 669, 74, 32, 0.255
610, OBJ|woman, 9, 320, 772, 114, 91, 0.133
611, OBJ|glasses, 297, 86, 160, 41, 92, 0.358
611, OBJ|woman, 48, 246, 264, 29, 73, 0.926
612, OBJ|glasses, 390, 245, 189, 78, 86, 0.320
612, OBJ|woman, 617, 118, 147, 258, 352, 0.984
613, OBJ|glasses, 122, 353, 272, 57, 57, 0.077
613, OBJ|woman, 321, 288, 290, 174, 352, 0.978
614, OBJ|glasses, 3, 579, 359, 55, 48, 0.002
614, OBJ|woman, 244, 405, 144, 280, 218, 0.237
615, OBJ|glasses, 153, 351, 426, 71, 35, 0.051
615, OBJ|woman, 333, 173, 157, 164, 346, 0.994
616, OBJ|glasses, 45, 263, 722, 91, 17, 0.067
616, OBJ|woman, 43, 939, 683, 84, 84, 0.445
617, OBJ|glasses, 104, 531, 0, 113, 31, 0.248
617, OBJ|woman, 234, 62, 173, 45, 64, 0.932
618, OBJ|glasses, 1, 32, 204, 54, 48, 0.048
618, OBJ|woman, 324, 0, 232, 131, 236, 0.962
619, OBJ|glasses, 23, 27, 474, 92, 61, 0.057
619, OBJ|woman, 111, 71, 531, 70, 80, 0.827
620, OBJ|glasses, 42, 737, 645, 286, 122, 0.039
620, OBJ|woman, 58, 715, 154, 308, 416, 0.998
621, OBJ|glasses, 221, 666, 287, 154, 255, 0.007
621, OBJ|woman, 197, 239, 478, 190, 247, 0.164
622, OBJ|glasses, 331, 889, 287, 54, 89, 0.123
622, OBJ|woman, 230, 632, 273, 37, 280, 0.199
623, OBJ|glasses, 323, 691, 528, 62, 78, 0.012
623, OBJ|woman, 1, 658, 398, 100, 119, 0.738
624, OBJ|glasses, 325, 671, 266, 55, 169, 0.005
624, OBJ|woman, 503, 775, 354, 88, 59, 0.415
625, OBJ|glasses, 201, 153, 372, 191, 199, 0.010
625, OBJ|woman, 382, 64, 312, 65, 101, 0.631
626, OBJ|glasses, 78, 701, 322, 322, 64, 0.062
626, OBJ|woman, 109, 564, 311, 51, 78, 0.657
627, OBJ|glasses, 572, 364, 436, 66, 41, 0.141
627, OBJ|woman, 935, 303, 373, 127, 205, 0.938
628, OBJ|glasses, 186, 592, 386, 151, 66, 0.680
628, OBJ|woman, 387, 541, 381, 229, 299, 0.983
629, OBJ|glasses, 146, 398, 399, 35, 56, 0.009
629, OBJ|woman, 749, 351, 426, 53, 140, 0.852
630, OBJ|glasses, 13, 211, 449, 64, 77, 0.023
630, OBJ|woman, 20, 709, 406, 115, 58, 0.303
631, OBJ|glasses, 452, 162, 226, 87, 70, 0.029
631, OBJ|woman, 21, 114, 172, 99, 239, 0.998
632, OBJ|glasses, 51, 737, 158, 75, 38, 0.065
632, OBJ|woman, 327, 212, 231, 314, 383, 0.993
633, OBJ|glasses, 385, 108, 320, 51, 59, 0.642
633, OBJ|woman, 280, 0, 147, 422, 454, 0.990
634, OBJ|glasses, 470, 384, 764, 80, 56, 0.052
634, OBJ|woman, 177, 302, 563, 101, 144, 0.983
635, OBJ|glasses, 306, 798, 282, 60, 105, 0.083
635, OBJ|woman, 371, 668, 374, 470, 585, 0.892
636, OBJ|glasses, 203, 618, 604, 51, 73, 0.057
636, OBJ|woman, 41, 610, 626, 75, 97, 0.810
637, OBJ|glasses, 38, 348, 739, 53, 80, 0.008
637, OBJ|woman, 107, 320, 718, 91, 242, 0.998
638, OBJ|glasses, 174, 420, 215, 62, 72, 0.112
638, OBJ|woman, 302, 172, 12, 414, 638, 0.993
639, OBJ|glasses, 121, 625, 0, 57, 383, 0.016
639, OBJ|woman, 235, 621, 852, 61, 59, 0.490
640, OBJ|glasses, 170, 0, 332, 1023, 347, 0.004
640, OBJ|woman, 391, 753, 311, 197, 132, 0.298
641, OBJ|glasses, 49, 553, 249, 52, 60, 0.113
641, OBJ|woman, 405, 535, 196, 198, 281, 0.986
642, OBJ|glasses, 302, 353, 176, 72, 52, 0.106
642, OBJ|woman, 435, 353, 146, 93, 170, 0.973
643, OBJ|glasses, 888, 46, 235, 160, 77, 0.428
643, OBJ|woman, 846, 135, 119, 273, 285, 0.867
644, OBJ|glasses, 308, 313, 364, 47, 57, 0.005
644, OBJ|woman, 25, 85, 258, 92, 93, 0.195
645, OBJ|glasses, 14, 408, 69, 319, 418, 0.008
645, OBJ|woman, 229, 966, 360, 57, 260, 0.988
646, OBJ|glasses, 65, 696, 316, 87, 18, 0.017
646, OBJ|woman, 317, 676, 263, 130, 97, 0.160
647, OBJ|glasses, 19, 0, 0, 1023, 613, 0.015
647, OBJ|woman, 310, 206, 440, 70, 117, 0.227
648, OBJ|glasses, 247, 300, 0, 723, 273, 0.010
648, OBJ|woman, 477, 152, 0, 471, 424, 0.584
649, OBJ|glasses, 813, 738, 344, 98, 105, 0.543
649, OBJ|woman, 552, 409, 97, 432, 385, 0.625
650, OBJ|glasses, 569, 198, 282, 54, 82, 0.124
650, OBJ|woman, 642, 517, 0, 211, 395, 0.948
651, OBJ|glasses, 117, 445, 621, 130, 72, 0.041
651, OBJ|woman, 4, 92, 628, 30, 108, 0.998
652, OBJ|glasses, 232, 947, 339, 76, 74, 0.064
652, OBJ|woman, 164, 889, 294, 99, 387, 0.988
653, OBJ|glasses, 189, 263, 320, 76, 43, 0.021
653, OBJ|woman, 174, 952, 353, 71, 178, 0.514
654, OBJ|glasses, 76, 136, 165, 91, 27, 0.041
654, OBJ|woman, 169, 23, 92, 363, 342, 0.703
655, OBJ|glasses, 431, 699, 264, 65, 48, 0.108
655, OBJ|woman, 241, 156, 407, 114, 255, 0.661
656, OBJ|glasses, 394, 22, 369, 94, 67, 0.156
656, OBJ|woman, 407, 0, 223, 350, 459, 0.962
657, OBJ|glasses, 44, 363, 300, 113, 90, 0.081
657, OBJ|woman, 669, 0, 249, 326, 518, 0.908
658, OBJ|glasses, 378, 698, 355, 124, 37, 0.022
658, OBJ|woman, 136, 272, 480, 66, 71, 0.458
659, OBJ|glasses, 55, 258, 364, 75, 33, 0.102
659, OBJ|woman, 353, 192, 215, 150, 264, 0.948
660, OBJ|glasses, 161, 757, 573, 92, 78, 0.039
660, OBJ|woman, 386, 649, 408, 132, 267, 0.835
661, OBJ|glasses, 107, 594, 416, 101, 71, 0.043
661, OBJ|woman, 133, 649, 482, 63, 103, 0.918
662, OBJ|glasses, 135, 678, 233, 53, 56, 0.010
662, OBJ|woman, 389, 668, 218, 63, 71, 0.581
663, OBJ|glasses, 355, 294, 207, 102, 51, 0.046
663, OBJ|woman, 171, 308, 202, 124, 122, 0.223
664, OBJ|glasses, 276, 572, 258, 67, 84, 0.340
664, OBJ|woman, 594, 614, 0, 409, 633, 0.891
665, OBJ|glasses, 493, 30, 0, 944, 767, 0.008
665, OBJ|woman, 202, 699, 395, 62, 117, 0.486
666, OBJ|glasses, 68, 0, 312, 57, 46, 0.127
666, OBJ|woman, 170, 0, 264, 126, 174, 0.951
667, OBJ|glasses, 52, 183, 405, 74, 55, 0.053
667, OBJ|woman, 48, 156, 355, 154, 212, 0.777
668, OBJ|glasses, 414, 258, 434, 181, 211, 0.092
668, OBJ|woman, 369, 212, 222, 330, 448, 0.940
669, OBJ|glasses, 614, 288, 364, 67, 51, 0.120
669, OBJ|woman, 445, 401, 402, 106, 184, 0.965
670, OBJ|glasses, 300, 219, 183, 70, 72, 0.465
670, OBJ|woman, 112, 196, 183, 121, 164, 0.987
671, OBJ|glasses, 461, 337, 297, 51, 46, 0.110
671, OBJ|woman, 384, 180, 212, 241, 314, 0.995
672, OBJ|glasses, 186, 492, 352, 135, 116, 0.099
672, OBJ|woman, 108, 328, 250, 49, 149, 0.998
673, OBJ|glasses, 37, 626, 341, 118, 28, 0.013
673, OBJ|woman, 226, 794, 307, 126, 189, 0.986
674, OBJ|glasses, 136, 762, 220, 11, 160, 0.698
674, OBJ|woman, 163, 648, 984, 105, 28, 0.184
675, OBJ|glasses, 609, 199, 324, 65, 28, 0.048
675, OBJ|woman, 246, 183, 291, 151, 220, 0.853
676, OBJ|glasses, 43, 148, 211, 52, 37, 0.078
676, OBJ|woman, 106, 186, 319, 19, 53, 0.587
677, OBJ|glasses, 307, 39, 190, 28, 20, 0.125
677, OBJ|woman, 307, 39, 190, 28, 20, 0.292
678, OBJ|glasses, 171, 10, 0, 177, 81, 0.021
678, OBJ|woman, 110, 624, 80, 38, 78, 0.883
679, OBJ|glasses, 0, 467, 17, 162, 77, 0.013
679, OBJ|woman, 609, 0, 0, 279, 613, 0.796
680, OBJ|glasses, 3, 548, 212, 68, 38, 0.045
680, OBJ|woman, 97, 636, 297, 87, 51, 0.237
681, OBJ|glasses, 326, 520, 490, 48, 53, 0.013
681, OBJ|woman, 315, 520, 501, 69, 167, 0.992
682, OBJ|glasses, 92, 187, 216, 120, 47, 0.065
682, OBJ|woman, 666, 804, 218, 92, 83, 0.353
683, OBJ|glasses, 327, 391, 383, 54, 53, 0.019
683, OBJ|woman, 189, 295, 348, 138, 234, 0.939
684, OBJ|glasses, 620, 379, 129, 117, 56, 0.045
684, OBJ|woman, 751, 344, 119, 152, 157, 0.893
685, OBJ|glasses, 319, 386, 892, 132, 55, 0.056
685, OBJ|woman, 287, 121, 742, 66, 196, 0.997
686, OBJ|glasses, 638, 266, 241, 162, 121, 0.016
686, OBJ|woman, 372, 227, 145, 291, 333, 0.715
687, OBJ|glasses, 364, 1025, 200, 53, 55, 0.224
687, OBJ|woman, 40, 523, 329, 39, 87, 0.480
688, OBJ|glasses, 394, 449, 432, 44, 85, 0.132
688, OBJ|woman, 437, 311, 272, 276, 495, 0.824
689, OBJ|glasses, 19, 20, 0, 186, 33, 0.313
689, OBJ|woman, 298, 966, 0, 57, 222, 0.266
690, OBJ|glasses, 18, 785, 350, 118, 75, 0.159
690, OBJ|woman, 50, 810, 352, 67, 73, 0.499
691, OBJ|glasses, 238, 607, 483, 96, 120, 0.125
691, OBJ|woman, 123, 276, 293, 460, 564, 0.959
692, OBJ|glasses, 81, 765, 230, 114, 62, 0.012
692, OBJ|woman, 395, 758, 84, 265, 485, 0.637
693, OBJ|glasses, 341, 696, 217, 229, 65, 0.011
693, OBJ|woman, 272, 933, 431, 35, 90, 0.994
694, OBJ|glasses, 247, 35, 285, 127, 62, 0.819
694, OBJ|woman, 411, 0, 262, 354, 420, 0.835
695, OBJ|glasses, 380, 21, 361, 97, 31, 0.347
695, OBJ|woman, 21, 0, 279, 141, 314, 0.806
696, OBJ|glasses, 394, 254, 430, 58, 57, 0.130
696, OBJ|woman, 553, 229, 178, 209, 417, 0.984
697, OBJ|glasses, 484, 423, 263, 330, 80, 0.017
697, OBJ|woman, 198, 715, 359, 164, 219, 0.316
698, OBJ|glasses, 249, 834, 406, 85, 38, 0.278
698, OBJ|woman, 348, 733, 277, 37, 74, 0.278
699, OBJ|glasses, 235, 580, 571, 72, 45, 0.025
699, OBJ|woman, 553, 790, 503, 78, 195, 0.938
700, OBJ|glasses, 368, 113, 256, 23, 90, 0.056
700, OBJ|woman, 9, 0, 321, 45, 251, 0.979
701, OBJ|glasses, 167, 49, 36, 81, 57, 0.438
701, OBJ|woman, 42, 0, 3, 224, 296, 0.986
702, OBJ|glasses, 675, 818, 0, 205, 176, 0.003
702, OBJ|woman, 332, 372, 507, 206, 89, 0.373
703, OBJ|glasses, 44, 349, 694, 70, 67, 0.042
703, OBJ|woman, 6, 502, 638, 45, 87, 0.928
704, OBJ|glasses, 58, 232, 246, 71, 70, 0.268
704, OBJ|woman, 402, 494, 335, 129, 232, 0.793
705, OBJ|glasses, 191, 296, 174, 60, 65, 0.580
705, OBJ|woman, 449, 144, 93, 335, 252, 0.889
706, OBJ|glasses, 756, 253, 671, 149, 96, 0.096
706, OBJ|woman, 713, 253, 601, 149, 166, 0.849
707, OBJ|glasses, 91, 749, 400, 117, 117, 0.022
707, OBJ|woman, 22, 938, 453, 85, 159, 0.689
708, OBJ|glasses, 181, 485, 458, 110, 63, 0.053
708, OBJ|woman, 374, 948, 506, 67, 100, 0.542
709, OBJ|glasses, 603, 383, 0, 530, 387, 0.006
709, OBJ|woman, 334, 469, 223, 143, 300, 0.990
710, OBJ|glasses, 165, 594, 505, 148, 27, 0.647
710, OBJ|woman, 224, 792, 560, 53, 163, 0.495
711, OBJ|glasses, 127, 747, 629, 210, 56, 0.047
711, OBJ|woman, 293, 709, 579, 188, 106, 0.848
712, OBJ|glasses, 263, 534, 371, 50, 32, 0.297
712, OBJ|woman, 213, 504, 346, 80, 52, 0.393
713, OBJ|glasses, 399, 512, 238, 35, 74, 0.083
713, OBJ|woman, 484, 501, 225, 65, 157, 0.770
714, OBJ|glasses, 112, 689, 659, 57, 84, 0.003
714, OBJ|woman, 226, 687, 630, 79, 126, 0.408
715, OBJ|glasses, 788, 0, 282, 1023, 359, 0.009
715, OBJ|woman, 806, 546, 383, 253, 258, 0.241
716, OBJ|glasses, 585, 89, 305, 183, 74, 0.011
716, OBJ|woman, 61, 171, 370, 47, 49, 0.355
717, OBJ|glasses, 193, 655, 437, 67, 28, 0.251
717, OBJ|woman, 362, 92, 193, 178, 347, 0.999
718, OBJ|glasses, 686, 10, 251, 66, 59, 0.046
718, OBJ|woman, 416, 0, 287, 85, 136, 0.746
719, OBJ|glasses, 269, 188, 280, 49, 65, 0.084
719, OBJ|woman, 90, 167, 160, 254, 282, 0.696
720, OBJ|glasses, 331, 317, 207, 61, 61, 0.175
720, OBJ|woman, 527, 155, 136, 356, 450, 0.956
721, OBJ|glasses, 488, 0, 0, 1023, 761, 0.004
721, OBJ|woman, 219, 0, 324, 63, 188, 0.548
722, OBJ|glasses, 886, 0, 0, 570, 335, 0.039
722, OBJ|woman, 230, 183, 588, 241, 350, 0.994
723, OBJ|glasses, 369, 221, 556, 127, 27, 0.138
723, OBJ|woman, 467, 309, 514, 110, 109, 0.618
724, OBJ|glasses, 6, 648, 394, 40, 64, 0.018
724, OBJ|woman, 346, 541, 328, 176, 74, 0.360
725, OBJ|glasses, 399, 564, 586, 137, 32, 0.089
725, OBJ|woman, 286, 991, 542, 32, 76, 0.682
726, OBJ|glasses, 424, 689, 236, 78, 36, 0.432
726, OBJ|woman, 532, 750, 252, 56, 96, 0.764
727, OBJ|glasses, 316, 583, 480, 130, 95, 0.154
727, OBJ|woman, 50, 623, 394, 123, 148, 0.916
728, OBJ|glasses, 474, 420, 174, 386, 189, 0.012
728, OBJ|woman, 133, 218, 268, 268, 495, 0.954
729, OBJ|glasses, 319, 366, 193, 75, 67, 0.466
729, OBJ|woman, 180, 290, 129, 276, 509, 0.907
730, OBJ|glasses, 160, 192, 478, 82, 63, 0.033
730, OBJ|woman, 332, 83, 310, 193, 178, 0.155
731, OBJ|glasses, 27, 389, 746, 110, 68, 0.075
731, OBJ|woman, 249, 114, 712, 190, 253, 0.867
732, OBJ|glasses, 685, 612, 255, 84, 94, 0.090
732, OBJ|woman, 691, 548, 93, 475, 656, 0.946
733, OBJ|glasses, 255, 810, 412, 128, 54, 0.115
733, OBJ|woman, 317, 843, 545, 57, 68, 0.611
734, OBJ|glasses, 616, 26, 0, 997, 725, 0.006
734, OBJ|woman, 166, 758, 330, 68, 77, 0.560
735, OBJ|glasses, 20, 146, 334, 119, 32, 0.036
735, OBJ|woman, 127, 485, 279, 70, 109, 0.225
736, OBJ|glasses, 100, 847, 277, 74, 71, 0.098
736, OBJ|woman, 100, 847, 277, 74, 71, 0.248
737, OBJ|glasses, 468, 101, 535, 70, 51, 0.156
737, OBJ|woman, 331, 137, 577, 86, 198, 0.998
738, OBJ|glasses, 164, 170, 258, 47, 82, 0.580
738, OBJ|woman, 270, 0, 116, 307, 639, 0.860
739, OBJ|glasses, 199, 415, 258, 84, 43, 0.100
739, OBJ|woman, 185, 439, 275, 66, 115, 0.611
740, OBJ|glasses, 132, 170, 488, 93, 37, 0.035
740, OBJ|woman, 447, 311, 437, 84, 108, 0.169
741, OBJ|glasses, 218, 676, 0, 132, 101, 0.915
741, OBJ|woman, 184, 623, 0, 285, 476, 0.954
742, OBJ|glasses, 37, 195, 0, 282, 61, 0.020
742, OBJ|woman, 71, 0, 0, 699, 767, 0.984
743, OBJ|glasses, 149, 425, 148, 30, 94, 0.131
743, OBJ|woman, 133, 371, 57, 229, 585, 0.902
744, OBJ|glasses, 12, 546, 9, 138, 13, 0.219
744, OBJ|woman, 745, 229, 61, 35, 132, 0.840
745, OBJ|glasses, 364, 414, 184, 63, 49, 0.131
745, OBJ|woman, 45, 722, 355, 39, 85, 0.998
746, OBJ|glasses, 339, 97, 122, 17, 25, 0.390
746, OBJ|woman, 399, 24, 117, 100, 211, 0.989
747, OBJ|glasses, 128, 644, 183, 96, 38, 0.056
747, OBJ|woman, 555, 502, 183, 238, 317, 0.931
748, OBJ|glasses, 564, 515, 214, 208, 172, 0.004
748, OBJ|woman, 372, 0, 277, 100, 296, 0.776
749, OBJ|glasses, 90, 690, 34, 54, 42, 0.015
749, OBJ|woman, 167, 563, 0, 339, 280, 0.892
750, OBJ|glasses, 148, 407, 313, 127, 59, 0.384
750, OBJ|woman, 319, 443, 98, 255, 318, 0.969
751, OBJ|glasses, 168, 376, 539, 111, 71, 0.604
751, OBJ|woman, 183, 167, 386, 610, 381, 0.982
752, OBJ|glasses, 47, 133, 186, 107, 31, 0.243
752, OBJ|woman, 274, 190, 88, 239, 283, 0.982
753, OBJ|glasses, 271, 257, 242, 105, 79, 0.037
753, OBJ|woman, 446, 234, 199, 107, 69, 0.697
754, OBJ|glasses, 631, 170, 274, 50, 46, 0.056
754, OBJ|woman, 245, 472, 269, 35, 100, 0.757
755, OBJ|glasses, 369, 934, 66, 89, 62, 0.029
755, OBJ|woman, 287, 601, 550, 78, 84, 0.834
756, OBJ|glasses, 4, 319, 421, 102, 12, 0.312
756, OBJ|woman, 413, 85, 387, 83, 102, 0.730
757, OBJ|glasses, 313, 477, 384, 94, 91, 0.136
757, OBJ|woman, 209, 0, 467, 516, 539, 0.902
758, OBJ|glasses, 33, 904, 45, 48, 49, 0.205
758, OBJ|woman, 206, 904, 36, 81, 114, 0.940
759, OBJ|glasses, 147, 367, 278, 48, 59, 0.026
759, OBJ|woman, 606, 424, 328, 50, 94, 0.842
760, OBJ|glasses, 230, 0, 172, 103, 79, 0.031
760, OBJ|woman, 168, 642, 311, 175, 373, 0.533
761, OBJ|glasses, 89, 597, 550, 40, 67, 0.011
761, OBJ|woman, 5, 597, 550, 48, 115, 0.901
762, OBJ|glasses, 201, 328, 639, 77, 118, 0.047
762, OBJ|woman, 258, 388, 909, 40, 108, 0.886
763, OBJ|glasses, 359, 0, 314, 1023, 384, 0.009
763, OBJ|woman, 15, 655, 618, 38, 64, 0.985
764, OBJ|glasses, 543, 531, 565, 132, 52, 0.017
764, OBJ|woman, 381, 551, 505, 414, 262, 0.956
765, OBJ|glasses, 271, 657, 205, 110, 17, 0.027
765, OBJ|woman, 359, 910, 268, 57, 82, 0.241
766, OBJ|glasses, 27, 591, 324, 41, 50, 0.003
766, OBJ|woman, 150, 590, 339, 42, 99, 0.999
767, OBJ|glasses, 357, 472, 420, 236, 128, 0.340
767, OBJ|woman, 149, 581, 134, 442, 596, 0.994
768, OBJ|glasses, 277, 292, 242, 263, 164, 0.004
768, OBJ|woman, 154, 276, 304, 286, 182, 0.324
769, OBJ|glasses, 164, 0, 0, 54, 381, 0.009
769, OBJ|woman, 336, 0, 799, 51, 87, 0.971
770, OBJ|glasses, 7, 460, 316, 95, 46, 0.006
770, OBJ|woman, 39, 257, 436, 25, 99, 0.970
771, OBJ|glasses, 414, 264, 313, 144, 132, 0.012
771, OBJ|woman, 109, 259, 397, 242, 141, 0.360
772, OBJ|glasses, 457, 297, 398, 220, 176, 0.006
772, OBJ|woman, 111, 927, 503, 51, 79, 0.942
773, OBJ|glasses, 460, 8, 29, 1007, 541, 0.001
773, OBJ|woman, 277, 72, 344, 589, 343, 0.102
774, OBJ|glasses, 205, 136, 46, 11, 58, 0.137
774, OBJ|woman, 341, 99, 154, 69, 107, 0.947
775, OBJ|glasses, 99, 656, 266, 172, 75, 0.003
775, OBJ|woman, 227, 867, 489, 156, 108, 0.358
776, OBJ|glasses, 57, 736, 0, 74, 38, 0.106
776, OBJ|woman, 103, 187, 0, 69, 198, 0.845
777, OBJ|glasses, 20, 566, 851, 221, 172, 0.018
777, OBJ|woman, 399, 415, 541, 372, 482, 0.932
778, OBJ|glasses, 58, 398, 396, 64, 61, 0.055
778, OBJ|woman, 101, 217, 195, 245, 573, 0.978
779, OBJ|glasses, 555, 160, 321, 127, 42, 0.006
779, OBJ|woman, 229, 0, 238, 102, 256, 0.433
780, OBJ|glasses, 334, 435, 518, 128, 113, 0.071
780, OBJ|woman, 473, 435, 425, 196, 340, 0.707
781, OBJ|glasses, 47, 227, 148, 39, 67, 0.007
781, OBJ|woman, 460, 270, 183, 250, 312, 0.921
782, OBJ|glasses, 568, 414, 85, 234, 198, 0.053
782, OBJ|woman, 570, 414, 85, 195, 518, 0.804
783, OBJ|glasses, 637, 189, 480, 54, 69, 0.136
783, OBJ|woman, 272, 194, 440, 78, 148, 0.851
784, OBJ|glasses, 457, 541, 290, 113, 50, 0.004
784, OBJ|woman, 79, 987, 265, 36, 213, 0.598
785, OBJ|glasses, 349, 106, 311, 59, 64, 0.650
785, OBJ|woman, 356, 0, 102, 155, 343, 0.475
786, OBJ|glasses, 140, 374, 665, 205, 39, 0.063
786, OBJ|woman, 211, 85, 244, 259, 223, 0.991
787, OBJ|glasses, 316, 263, 425, 94, 46, 0.100
787, OBJ|woman, 313, 913, 262, 39, 145, 0.750
788, OBJ|glasses, 549, 176, 600, 79, 71, 0.044
788, OBJ|woman, 258, 144, 479, 219, 203, 0.969
789, OBJ|glasses, 249, 511, 281, 131, 93, 0.064
789, OBJ|woman, 79, 547, 389, 115, 186, 0.757
790, OBJ|glasses, 420, 160, 240, 38, 50, 0.365
790, OBJ|woman, 358, 0, 150, 100, 219, 0.991
791, OBJ|glasses, 166, 74, 153, 51, 44, 0.090
791, OBJ|woman, 98, 28, 299, 88, 114, 0.290
792, OBJ|glasses, 432, 457, 303, 18, 150, 0.035
792, OBJ|woman, 36, 0, 380, 392, 299, 0.575
793, OBJ|glasses, 532, 502, 168, 108, 58, 0.545
793, OBJ|woman, 508, 415, 85, 113, 172, 0.983
794, OBJ|glasses, 103, 185, 335, 107, 22, 0.036
794, OBJ|woman, 64, 392, 263, 129, 158, 0.942
795, OBJ|glasses, 48, 358, 353, 75, 137, 0.095
795, OBJ|woman, 579, 507, 122, 231, 413, 0.996
796, OBJ|glasses, 593, 494, 628, 82, 42, 0.127
796, OBJ|woman, 439, 575, 555, 81, 127, 0.761
797, OBJ|glasses, 697, 37, 729, 169, 51, 0.129
797, OBJ|woman, 474, 172, 399, 285, 233, 0.954
798, OBJ|glasses, 289, 470, 358, 24, 116, 0.365
798, OBJ|woman, 367, 457, 509, 52, 58, 0.615
799, OBJ|glasses, 242, 716, 311, 55, 79, 0.344
799, OBJ|woman, 163, 763, 294, 126, 286, 0.991
800, OBJ|glasses, 638, 309, 432, 80, 25, 0.020
800, OBJ|woman, 356, 0, 192, 863, 381, 0.227
801, OBJ|glasses, 1, 488, 66, 69, 50, 0.132
801, OBJ|woman, 99, 62, 345, 31, 57, 0.977
802, OBJ|glasses, 814, 345, 646, 131, 78, 0.015
802, OBJ|woman, 36, 259, 307, 113, 365, 0.976
803, OBJ|glasses, 66, 262, 290, 83, 23, 0.028
803, OBJ|woman, 138, 247, 261, 144, 83, 0.560
804, OBJ|glasses, 612, 716, 327, 61, 56, 0.217
804, OBJ|woman, 202, 661, 319, 236, 272, 0.907
805, OBJ|glasses, 432, 561, 352, 192, 37, 0.155
805, OBJ|woman, 628, 746, 0, 277, 459, 0.952
806, OBJ|glasses, 577, 302, 177, 122, 59, 0.013
806, OBJ|woman, 403, 482, 90, 74, 112, 0.885
807, OBJ|glasses, 260, 908, 0, 48, 52, 0.036
807, OBJ|woman, 102, 929, 0, 42, 75, 0.957
808, OBJ|glasses, 455, 490, 303, 48, 70, 0.013
808, OBJ|woman, 476, 485, 282, 55, 134, 0.789
809, OBJ|glasses, 226, 135, 0, 87, 59, 0.069
809, OBJ|woman, 140, 547, 135, 69, 130, 0.998
810, OBJ|glasses, 417, 427, 300, 43, 70, 0.017
810, OBJ|woman, 123, 298, 141, 62, 84, 0.937
811, OBJ|glasses, 672, 14, 327, 40, 34, 0.281
811, OBJ|woman, 226, 0, 310, 156, 212, 0.994
812, OBJ|glasses, 380, 101, 823, 113, 17, 0.045
812, OBJ|woman, 378, 472, 605, 210, 400, 0.612
813, OBJ|glasses, 468, 409, 481, 61, 147, 0.224
813, OBJ|woman, 169, 463, 839, 25, 97, 0.846
814, OBJ|glasses, 21, 532, 653, 167, 69, 0.179
814, OBJ|woman, 99, 576, 532, 135, 190, 0.322
815, OBJ|glasses, 219, 618, 367, 56, 44, 0.466
815, OBJ|woman, 218, 600, 367, 81, 138, 0.913
816, OBJ|glasses, 102, 314, 436, 340, 49, 0.006
816, OBJ|woman, 339, 247, 436, 154, 104, 0.283
817, OBJ|glasses, 52, 227, 0, 183, 73, 0.037
817, OBJ|woman, 359, 6, 225, 65, 116, 0.739
818, OBJ|glasses, 139, 0, 679, 749, 344, 0.010
818, OBJ|woman, 495, 379, 738, 388, 285, 0.210
819, OBJ|glasses, 280, 951, 590, 72, 41, 0.018
819, OBJ|woman, 353, 916, 553, 107, 129, 0.952
820, OBJ|glasses, 332, 358, 0, 106, 124, 0.100
820, OBJ|woman, 111, 787, 213, 72, 212, 0.976
821, OBJ|glasses, 176, 453, 662, 521, 105, 0.116
821, OBJ|woman, 128, 0, 364, 854, 403, 0.949
822, OBJ|glasses, 52, 719, 356, 101, 60, 0.028
822, OBJ|woman, 154, 725, 356, 119, 85, 0.411
823, OBJ|glasses, 571, 656, 215, 246, 202, 0.100
823, OBJ|woman, 735, 448, 42, 472, 509, 0.932
824, OBJ|glasses, 229, 113, 274, 82, 91, 0.008
824, OBJ|woman, 175, 231, 485, 67, 46, 0.222
825, OBJ|glasses, 479, 48, 142, 51, 39, 0.553
825, OBJ|woman, 700, 150, 202, 27, 42, 0.588
826, OBJ|glasses, 260, 264, 0, 759, 476, 0.003
826, OBJ|woman, 171, 915, 314, 75, 164, 0.487
827, OBJ|glasses, 323, 215, 237, 88, 60, 0.634
827, OBJ|woman, 53, 0, 191, 560, 491, 0.972
828, OBJ|glasses, 137, 765, 708, 145, 59, 0.044
828, OBJ|woman, 55, 319, 241, 260, 477, 0.611
829, OBJ|glasses, 421, 83, 590, 162, 61, 0.032
829, OBJ|woman, 148, 83, 506, 266, 145, 0.712
830, OBJ|glasses, 276, 457, 233, 102, 26, 0.263
830, OBJ|woman, 567, 686, 132, 238, 205, 0.878
831, OBJ|glasses, 134, 366, 465, 112, 66, 0.075
831, OBJ|woman, 281, 324, 470, 198, 90, 0.267
832, OBJ|glasses, 101, 732, 485, 95, 30, 0.137
832, OBJ|woman, 237, 0, 692, 98, 75, 0.724
833, OBJ|glasses, 86, 712, 292, 42, 68, 0.016
833, OBJ|woman, 132, 704, 256, 96, 219, 0.853
834, OBJ|glasses, 228, 18, 0, 144, 56, 0.022
834, OBJ|woman, 40, 726, 118, 23, 90, 0.733
835, OBJ|glasses, 184, 226, 451, 84, 113, 0.084
835, OBJ|woman, 486, 142, 0, 324, 767, 0.609
836, OBJ|glasses, 447, 445, 115, 65, 36, 0.839
836, OBJ|woman, 668, 228, 0, 571, 599, 0.734
837, OBJ|glasses, 0, 790, 201, 66, 90, 0.089
837, OBJ|woman, 14, 741, 201, 136, 182, 0.889
838, OBJ|glasses, 81, 320, 116, 71, 34, 0.033
838, OBJ|woman, 543, 253, 138, 60, 114, 0.303
839, OBJ|glasses, 456, 0, 0, 232, 167, 0.007
839, OBJ|woman, 283, 935, 506, 56, 44, 0.687
840, OBJ|glasses, 498, 0, 237, 75, 29, 0.965
840, OBJ|woman, 526, 90, 25, 843, 655, 0.800
841, OBJ|glasses, 83, 340, 614, 120, 70, 0.084
841, OBJ|woman, 43, 302, 518, 191, 259, 0.982
842, OBJ|glasses, 724, 271, 351, 70, 59, 0.267
842, OBJ|woman, 357, 199, 283, 226, 209, 0.838
843, OBJ|glasses, 379, 249, 317, 70, 74, 0.185
843, OBJ|woman, 437, 265, 354, 108, 90, 0.730
844, OBJ|glasses, 34, 635, 972, 66, 51, 0.014
844, OBJ|woman, 187, 549, 782, 56, 165, 0.371
845, OBJ|glasses, 263, 883, 238, 86, 59, 0.768
845, OBJ|woman, 117, 797, 0, 226, 507, 0.854
846, OBJ|glasses, 0, 233, 218, 30, 77, 0.013
846, OBJ|woman, 84, 0, 322, 25, 112, 0.658
847, OBJ|glasses, 688, 647, 413, 120, 140, 0.763
847, OBJ|woman, 362, 302, 367, 146, 127, 0.994
848, OBJ|glasses, 368, 280, 362, 86, 30, 0.074
848, OBJ|woman, 281, 142, 313, 91, 81, 0.629
849, OBJ|glasses, 605, 275, 429, 261, 164, 0.019
849, OBJ|woman, 181, 0, 351, 351, 416, 0.963
850, OBJ|glasses, 370, 600, 21, 79, 59, 0.024
850, OBJ|woman, 168, 549, 403, 56, 94, 0.681
851, OBJ|glasses, 317, 240, 60, 50, 70, 0.135
851, OBJ|woman, 71, 303, 125, 77, 115, 0.764
852, OBJ|glasses, 410, 353, 194, 90, 74, 0.517
852, OBJ|woman, 438, 244, 71, 391, 367, 0.960
853, OBJ|glasses, 355, 530, 192, 23, 56, 0.934
853, OBJ|woman, 274, 407, 286, 105, 110, 0.161
854, OBJ|glasses, 805, 630, 352, 66, 66, 0.008
854, OBJ|woman, 701, 930, 375, 93, 140, 0.734
855, OBJ|glasses, 558, 132, 410, 92, 37, 0.025
855, OBJ|woman, 166, 298, 326, 98, 218, 0.986
856, OBJ|glasses, 286, 164, 105, 50, 35, 0.791
856, OBJ|woman, 275, 144, 52, 136, 269, 0.978
857, OBJ|glasses, 166, 418, 256, 320, 282, 0.012
857, OBJ|woman, 463, 733, 307, 156, 119, 0.782
858, OBJ|glasses, 107, 656, 130, 320, 139, 0.004
858, OBJ|woman, 454, 685, 368, 92, 72, 0.364
859, OBJ|glasses, 67, 51, 357, 69, 78, 0.041
859, OBJ|woman, 30, 0, 0, 314, 767, 0.295
860, OBJ|glasses, 8, 237, 0, 111, 24, 0.138
860, OBJ|woman, 289, 129, 360, 189, 175, 0.448
861, OBJ|glasses, 371, 324, 18, 208, 59, 0.341
861, OBJ|woman, 31, 560, 263, 82, 26, 0.282
862, OBJ|glasses, 27, 802, 0, 165, 34, 0.537
862, OBJ|woman, 78, 0, 367, 347, 400, 0.463
863, OBJ|glasses, 122, 492, 55, 26, 22, 0.190
863, OBJ|woman, 2, 479, 55, 39, 84, 0.923
864, OBJ|glasses, 59, 173, 0, 71, 23, 0.013
864, OBJ|woman, 441, 413, 234, 37, 96, 0.948
865, OBJ|glasses, 706, 111, 0, 656, 451, 0.015
865, OBJ|woman, 60, 25, 594, 64, 90, 0.682
866, OBJ|glasses, 841, 0, 268, 73, 62, 0.532
866, OBJ|woman, 291, 0, 316, 236, 451, 0.826
867, OBJ|glasses, 104, 227, 201, 164, 59, 0.013
867, OBJ|woman, 6, 87, 84, 79, 187, 0.985
868, OBJ|glasses, 367, 500, 422, 94, 39, 0.188
868, OBJ|woman, 226, 559, 437, 108, 104, 0.784
869, OBJ|glasses, 62, 803, 520, 88, 26, 0.041
869, OBJ|woman, 88, 790, 459, 62, 79, 0.597
870, OBJ|glasses, 162, 1150, 280, 129, 79, 0.250
870, OBJ|woman, 460, 1150, 231, 129, 403, 0.869
871, OBJ|glasses, 260, 118, 0, 434, 80, 0.178
871, OBJ|woman, 333, 0, 0, 500, 443, 0.871
872, OBJ|glasses, 770, 0, 0, 1023, 435, 0.007
872, OBJ|woman, 442, 216, 460, 91, 211, 0.957
873, OBJ|glasses, 273, 0, 263, 673, 527, 0.014
873, OBJ|woman, 34, 0, 0, 727, 790, 0.548
874, OBJ|glasses, 370, 151, 253, 577, 89, 0.004
874, OBJ|woman, 166, 301, 280, 137, 127, 0.255
875, OBJ|glasses, 283, 0, 351, 765, 152, 0.003
875, OBJ|woman, 402, 0, 351, 938, 413, 0.452
876, OBJ|glasses, 566, 427, 309, 44, 35, 0.495
876, OBJ|woman, 677, 463, 277, 170, 84, 0.609
877, OBJ|glasses, 199, 170, 124, 81, 29, 0.016
877, OBJ|woman, 217, 131, 44, 71, 171, 0.694
878, OBJ|glasses, 232, 363, 63, 51, 54, 0.562
878, OBJ|woman, 205, 384, 213, 181, 269, 0.902
879, OBJ|glasses, 130, 242, 376, 80, 52, 0.074
879, OBJ|woman, 0, 922, 366, 31, 72, 0.978
880, OBJ|glasses, 228, 203, 334, 81, 68, 0.197
880, OBJ|woman, 271, 152, 297, 269, 207, 0.556
881, OBJ|glasses, 453, 0, 0, 213, 87, 0.072
881, OBJ|woman, 445, 0, 50, 161, 170, 0.969
882, OBJ|glasses, 131, 445, 324, 93, 40, 0.491
882, OBJ|woman, 71, 404, 294, 218, 289, 0.955
883, OBJ|glasses, 8, 627, 58, 46, 63, 0.004
883, OBJ|woman, 796, 487, 70, 329, 335, 0.914
884, OBJ|glasses, 556, 50, 374, 99, 67, 0.022
884, OBJ|woman, 426, 432, 294, 162, 207, 0.689
885, OBJ|glasses, 674, 0, 502, 47, 63, 0.027
885, OBJ|woman, 666, 0, 400, 113, 210, 0.347
886, OBJ|glasses, 150, 401, 327, 174, 160, 0.024
886, OBJ|woman, 394, 344, 373, 233, 166, 0.158
887, OBJ|glasses, 504, 958, 118, 65, 158, 0.307
887, OBJ|woman, 192, 441, 458, 276, 224, 0.921
888, OBJ|glasses, 196, 460, 385, 62, 60, 0.020
888, OBJ|woman, 392, 228, 425, 37, 99, 0.980
889, OBJ|glasses, 324, 76, 0, 947, 170, 0.010
889, OBJ|woman, 78, 427, 219, 297, 253, 0.928
890, OBJ|glasses, 104, 160, 277, 71, 61, 0.425
890, OBJ|woman, 464, 0, 195, 240, 460, 0.952
891, OBJ|glasses, 102, 726, 348, 65, 16, 0.267
891, OBJ|woman, 388, 334, 338, 38, 69, 0.928
892, OBJ|glasses, 120, 300, 242, 115, 88, 0.243
892, OBJ|woman, 98, 251, 191, 241, 269, 0.978
893, OBJ|glasses, 103, 549, 203, 128, 106, 0.060
893, OBJ|woman, 121, 138, 144, 36, 63, 0.916
894, OBJ|glasses, 498, 430, 501, 173, 196, 0.063
894, OBJ|woman, 200, 0, 534, 30, 202, 0.844
895, OBJ|glasses, 13, 252, 294, 62, 41, 0.017
895, OBJ|woman, 43, 303, 351, 300, 672, 0.124
896, OBJ|glasses, 496, 937, 128, 65, 57, 0.562
896, OBJ|woman, 270, 656, 140, 159, 191, 0.991
897, OBJ|glasses, 253, 311, 679, 178, 89, 0.040
897, OBJ|woman, 278, 361, 475, 227, 203, 0.992
898, OBJ|glasses, 419, 279, 405, 152, 93, 0.173
898, OBJ|woman, 168, 258, 217, 174, 465, 0.958
899, OBJ|glasses, 275, 282, 455, 152, 57, 0.002
899, OBJ|woman, 480, 563, 259, 311, 190, 0.213
900, OBJ|glasses, 401, 279, 273, 349, 150, 0.003
900, OBJ|woman, 32, 350, 556, 107, 117, 0.947
901, OBJ|glasses, 177, 431, 73, 119, 40, 0.033
901, OBJ|woman, 544, 431, 43, 89, 67, 0.531
902, OBJ|glasses, 7, 361, 0, 107, 31, 0.012
902, OBJ|woman, 275, 327, 0, 273, 197, 0.056
903, OBJ|glasses, 301, 59, 452, 55, 68, 0.500
903, OBJ|woman, 119, 14, 351, 103, 169, 0.823
904, OBJ|glasses, 10, 286, 605, 393, 167, 0.014
904, OBJ|woman, 609, 227, 476, 145, 335, 0.363
905, OBJ|glasses, 367, 65, 442, 114, 138, 0.021
905, OBJ|woman, 480, 0, 250, 522, 517, 0.810
906, OBJ|glasses, 345, 0, 253, 54, 83, 0.019
906, OBJ|woman, 300, 390, 479, 87, 165, 0.993
907, OBJ|glasses, 124, 391, 498, 176, 50, 0.264
907, OBJ|woman, 279, 0, 0, 146, 149, 0.741
908, OBJ|glasses, 191, 257, 320, 46, 74, 0.018
908, OBJ|woman, 383, 476, 111, 218, 258, 0.919
909, OBJ|glasses, 128, 0, 74, 96, 490, 0.005
909, OBJ|woman, 150, 172, 379, 228, 476, 0.995
910, OBJ|glasses, 428, 787, 372, 69, 147, 0.004
910, OBJ|woman, 376, 1188, 571, 91, 282, 0.994
911, OBJ|glasses, 133, 821, 532, 103, 49, 0.033
911, OBJ|woman, 41, 622, 588, 401, 179, 0.129
912, OBJ|glasses, 494, 475, 333, 95, 40, 0.124
912, OBJ|woman, 727, 376, 213, 375, 420, 0.964
913, OBJ|glasses, 56, 350, 465, 238, 96, 0.004
913, OBJ|woman, 111, 977, 380, 46, 97, 0.692
914, OBJ|glasses, 18, 657, 0, 131, 40, 0.018
914, OBJ|woman, 299, 383, 397, 261, 137, 0.146
915, OBJ|glasses, 126, 526, 271, 67, 49, 0.036
915, OBJ|woman, 172, 491, 236, 177, 188, 0.608
916, OBJ|glasses, 211, 633, 46, 54, 115, 0.040
916, OBJ|woman, 145, 672, 99, 72, 88, 0.320
917, OBJ|glasses, 522, 198, 99, 263, 111, 0.004
917, OBJ|woman, 17, 0, 386, 51, 103, 0.434
918, OBJ|glasses, 109, 749, 264, 195, 237, 0.231
918, OBJ|woman, 365, 949, 417, 74, 265, 0.848
919, OBJ|glasses, 473, 822, 453, 186, 88, 0.089
919, OBJ|woman, 75, 801, 400, 207, 276, 0.895
920, OBJ|glasses, 300, 0, 348, 71, 23, 0.555
920, OBJ|woman, 178, 134, 169, 203, 450, 0.981
921, OBJ|glasses, 44, 466, 567, 96, 29, 0.598
921, OBJ|woman, 303, 316, 612, 66, 91, 0.805
922, OBJ|glasses, 42, 471, 235, 52, 69, 0.078
922, OBJ|woman, 89, 439, 235, 190, 439, 0.979
923, OBJ|glasses, 389, 279, 417, 58, 63, 0.283
923, OBJ|woman, 180, 282, 465, 113, 146, 0.758
924, OBJ|glasses, 539, 321, 379, 52, 89, 0.079
924, OBJ|woman, 628, 308, 297, 231, 291, 0.980
925, OBJ|glasses, 210, 336, 495, 152, 128, 0.004
925, OBJ|woman, 560, 336, 541, 171, 103, 0.672
926, OBJ|glasses, 87, 241, 483, 136, 92, 0.008
926, OBJ|woman, 615, 0, 242, 167, 263, 0.343
927, OBJ|glasses, 99, 213, 0, 158, 42, 0.028
927, OBJ|woman, 207, 297, 303, 71, 56, 0.288
928, OBJ|glasses, 356, 160, 256, 73, 59, 0.086
928, OBJ|woman, 123, 33, 179, 290, 326, 0.988
929, OBJ|glasses, 387, 310, 0, 58, 80, 0.042
929, OBJ|woman, 284, 256, 0, 127, 443, 0.705
930, OBJ|glasses, 303, 506, 309, 46, 35, 0.335
930, OBJ|woman, 32, 618, 208, 21, 75, 0.672
931, OBJ|glasses, 497, 596, 547, 171, 109, 0.005
931, OBJ|woman, 203, 434, 553, 89, 141, 0.292
932, OBJ|glasses, 183, 518, 260, 62, 65, 0.057
932, OBJ|woman, 290, 647, 406, 58, 58, 0.328
933, OBJ|glasses, 223, 95, 223, 34, 74, 0.134
933, OBJ|woman, 66, 19, 65, 91, 270, 0.978
934, OBJ|glasses, 204, 106, 34, 65, 50, 0.515
934, OBJ|woman, 189, 0, 0, 237, 305, 0.841
935, OBJ|glasses, 272, 569, 68, 84, 75, 0.186
935, OBJ|woman, 67, 627, 57, 101, 201, 0.760
936, OBJ|glasses, 114, 439, 311, 132, 43, 0.010
936, OBJ|woman, 327, 314, 338, 152, 175, 0.505
937, OBJ|glasses, 598, 536, 601, 201, 76, 0.234
937, OBJ|woman, 315, 369, 495, 127, 182, 0.990
938, OBJ|glasses, 4, 612, 544, 114, 13, 0.433
938, OBJ|woman, 3, 902, 407, 59, 107, 0.546
939, OBJ|glasses, 95, 692, 184, 79, 42, 0.279
939, OBJ|woman, 365, 547, 0, 383, 517, 0.986
940, OBJ|glasses, 416, 297, 44, 33, 68, 0.016
940, OBJ|woman, 537, 237, 79, 153, 129, 0.909
941, OBJ|glasses, 243, 689, 328, 130, 90, 0.697
941, OBJ|woman, 60, 173, 118, 220, 464, 0.621
942, OBJ|glasses, 27, 522, 170, 43, 64, 0.043
942, OBJ|woman, 64, 473, 153, 118, 158, 0.969
943, OBJ|glasses, 255, 248, 459, 90, 85, 0.038
943, OBJ|woman, 364, 222, 459, 194, 287, 0.921
944, OBJ|glasses, 459, 532, 692, 219, 45, 0.016
944, OBJ|woman, 42, 400, 615, 67, 60, 0.220
945, OBJ|glasses, 361, 970, 96, 53, 53, 0.012
945, OBJ|woman, 122, 536, 330, 160, 76, 0.358
946, OBJ|glasses, 591, 407, 393, 146, 44, 0.007
946, OBJ|woman, 242, 355, 389, 49, 84, 0.932
947, OBJ|glasses, 74, 320, 520, 63, 46, 0.019
947, OBJ|woman, 240, 244, 307, 154, 176, 0.853
948, OBJ|glasses, 176, 794, 300, 101, 142, 0.014
948, OBJ|woman, 56, 372, 345, 163, 422, 0.981
949, OBJ|glasses, 110, 602, 485, 122, 36, 0.012
949, OBJ|woman, 255, 103, 427, 62, 160, 0.387
950, OBJ|glasses, 84, 149, 155, 75, 26, 0.012
950, OBJ|woman, 90, 111, 130, 282, 110, 0.233
951, OBJ|glasses, 638, 271, 136, 70, 69, 0.280
951, OBJ|woman, 204, 211, 96, 276, 317, 0.958
952, OBJ|glasses, 72, 391, 205, 32, 22, 0.077
952, OBJ|woman, 133, 399, 205, 24, 35, 0.666
953, OBJ|glasses, 177, 355, 256, 61, 39, 0.285
953, OBJ|woman, 151, 309, 227, 215, 239, 0.979
954, OBJ|glasses, 135, 372, 222, 36, 45, 0.195
954, OBJ|woman, 139, 284, 153, 162, 153, 0.434
955, OBJ|glasses, 22, 264, 531, 142, 79, 0.125
955, OBJ|woman, 232, 382, 420, 69, 156, 0.990
956, OBJ|glasses, 108, 706, 603, 50, 42, 0.015
956, OBJ|woman, 301, 854, 600, 56, 80, 0.927
957, OBJ|glasses, 635, 284, 684, 66, 69, 0.014
957, OBJ|woman, 371, 248, 644, 102, 109, 0.963
958, OBJ|glasses, 263, 785, 626, 238, 82, 0.002
958, OBJ|woman, 166, 930, 605, 86, 86, 0.857
959, OBJ|glasses, 515, 90, 523, 933, 244, 0.042
959, OBJ|woman, 138, 311, 393, 177, 264, 0.436
960, OBJ|glasses, 336, 571, 688, 61, 116, 0.086
960, OBJ|woman, 207, 357, 158, 242, 511, 0.964
961, OBJ|glasses, 1, 879, 86, 120, 33, 0.091
961, OBJ|woman, 707, 366, 275, 86, 161, 0.603
962, OBJ|glasses, 326, 137, 281, 83, 108, 0.291
962, OBJ|woman, 278, 0, 7, 264, 959, 0.852
963, OBJ|glasses, 307, 347, 518, 63, 78, 0.011
963, OBJ|woman, 873, 368, 319, 244, 553, 0.968
964, OBJ|glasses, 80, 452, 495, 76, 61, 0.178
964, OBJ|woman, 429, 433, 188, 334, 737, 0.955
965, OBJ|glasses, 327, 601, 434, 44, 65, 0.318
965, OBJ|woman, 230, 659, 116, 232, 420, 0.939
966, OBJ|glasses, 352, 389, 359, 290, 281, 0.012
966, OBJ|woman, 139, 480, 853, 125, 123, 0.998
967, OBJ|glasses, 189, 573, 207, 72, 65, 0.028
967, OBJ|woman, 50, 487, 0, 139, 97, 0.726
968, OBJ|glasses, 125, 352, 487, 76, 68, 0.342
968, OBJ|woman, 138, 114, 401, 331, 366, 0.959
969, OBJ|glasses, 341, 174, 640, 86, 58, 0.124
969, OBJ|woman, 362, 0, 417, 282, 350, 0.992
970, OBJ|glasses, 269, 867, 19, 329, 208, 0.021
970, OBJ|woman, 165, 658, 0, 621, 754, 0.877
971, OBJ|glasses, 417, 593, 300, 154, 116, 0.026
971, OBJ|woman, 51, 739, 323, 93, 166, 0.987
972, OBJ|glasses, 381, 345, 287, 99, 52, 0.435
972, OBJ|woman, 375, 311, 239, 62, 102, 0.756
973, OBJ|glasses, 0, 0, 0, 1023, 87, 0.004
973, OBJ|woman, 24, 846, 171, 136, 416, 0.999
974, OBJ|glasses, 74, 909, 236, 114, 204, 0.004
974, OBJ|woman, 479, 78, 307, 398, 716, 0.971
975, OBJ|glasses, 27, 933, 622, 110, 75, 0.033
975, OBJ|woman, 378, 642, 487, 43, 135, 0.941
976, OBJ|glasses, 689, 632, 207, 86, 19, 0.421
976, OBJ|woman, 414, 452, 219, 86, 125, 0.887
977, OBJ|glasses, 345, 562, 181, 59, 47, 0.736
977, OBJ|woman, 399, 383, 0, 416, 515, 0.782
978, OBJ|glasses, 250, 93, 385, 68, 80, 0.228
978, OBJ|woman, 378, 71, 287, 449, 480, 0.875
979, OBJ|glasses, 486, 746, 246, 264, 83, 0.099
979, OBJ|woman, 65, 0, 0, 152, 247, 0.849
980, OBJ|glasses, 555, 506, 0, 294, 37, 0.029
980, OBJ|woman, 367, 586, 129, 66, 73, 0.518
981, OBJ|glasses, 41, 174, 227, 95, 69, 0.445
981, OBJ|woman, 557, 73, 258, 366, 491, 0.945
982, OBJ|glasses, 223, 222, 0, 235, 49, 0.269
982, OBJ|woman, 163, 394, 0, 63, 82, 0.798
983, OBJ|glasses, 68, 365, 203, 84, 62, 0.134
983, OBJ|woman, 196, 371, 443, 69, 169, 0.991
984, OBJ|glasses, 565, 207, 674, 49, 59, 0.120
984, OBJ|woman, 605, 99, 607, 229, 395, 0.981
985, OBJ|glasses, 619, 192, 0, 67, 21, 0.248
985, OBJ|woman, 266, 325, 0, 97, 86, 0.942
986, OBJ|glasses, 372, 193, 377, 196, 114, 0.006
986, OBJ|woman, 547, 783, 378, 240, 303, 0.416
987, OBJ|glasses, 157, 354, 136, 80, 61, 0.085
987, OBJ|woman, 52, 284, 53, 255, 311, 0.995
988, OBJ|glasses, 37, 655, 80, 88, 47, 0.314
988, OBJ|woman, 718, 404, 0, 222, 268, 0.874
989, OBJ|glasses, 48, 709, 155, 200, 143, 0.009
989, OBJ|woman, 240, 496, 223, 168, 152, 0.209
990, OBJ|glasses, 578, 855, 430, 85, 92, 0.203
990, OBJ|woman, 181, 802, 429, 221, 594, 0.995
991, OBJ|glasses, 586, 306, 564, 190, 74, 0.010
991, OBJ|woman, 515, 455, 531, 223, 185, 0.906
992, OBJ|glasses, 268, 258, 410, 63, 39, 0.028
992, OBJ|woman, 158, 294, 429, 89, 85, 0.368
993, OBJ|glasses, 4, 158, 398, 91, 11, 0.243
993, OBJ|woman, 126, 191, 357, 122, 61, 0.545
994, OBJ|glasses, 516, 892, 339, 118, 150, 0.017
994, OBJ|woman, 99, 974, 148, 49, 214, 0.963
995, OBJ|glasses, 55, 445, 530, 49, 80, 0.024
995, OBJ|woman, 76, 510, 255, 172, 425, 0.990
996, OBJ|glasses, 128, 188, 236, 62, 63, 0.511
996, OBJ|woman, 130, 105, 334, 117, 155, 0.544
997, OBJ|glasses, 109, 889, 377, 76, 77, 0.015
997, OBJ|woman, 219, 856, 377, 136, 254, 0.958
998, OBJ|glasses, 531, 117, 30, 109, 133, 0.009
998, OBJ|woman, 386, 56, 41, 134, 210, 0.862
999, OBJ|glasses, 488, 641, 264, 97, 53, 0.086
999, OBJ|woman, 152, 505, 225, 250, 303, 0.982
